-- phpMyAdmin SQL Dump
-- version 5.2.0
-- https://www.phpmyadmin.net/
--
-- Host: localhost
-- Creato il: Mag 13, 2024 alle 18:00
-- Versione del server: 8.0.32
-- Versione PHP: 8.0.22

SET SQL_MODE = "NO_AUTO_VALUE_ON_ZERO";
START TRANSACTION;
SET time_zone = "+00:00";


/*!40101 SET @OLD_CHARACTER_SET_CLIENT=@@CHARACTER_SET_CLIENT */;
/*!40101 SET @OLD_CHARACTER_SET_RESULTS=@@CHARACTER_SET_RESULTS */;
/*!40101 SET @OLD_COLLATION_CONNECTION=@@COLLATION_CONNECTION */;
/*!40101 SET NAMES utf8mb4 */;

--
-- Database: `my_quizmakeandplay`
--
CREATE DATABASE IF NOT EXISTS `my_quizmakeandplay` DEFAULT CHARACTER SET utf8mb4 COLLATE utf8mb4_0900_ai_ci;
USE `my_quizmakeandplay`;

-- --------------------------------------------------------

--
-- Struttura della tabella `DOMANDA`
--

CREATE TABLE `DOMANDA` (
  `QUIZ` int NOT NULL,
  `NUMERO` int NOT NULL,
  `TESTO` text NOT NULL
) ENGINE=MyISAM DEFAULT CHARSET=utf8mb4 COLLATE=utf8mb4_0900_ai_ci;

--
-- Dump dei dati per la tabella `DOMANDA`
--

INSERT INTO `DOMANDA` (`QUIZ`, `NUMERO`, `TESTO`) VALUES
(1, 1, 'Chi ha diretto il film \"Il Padrino\"?'),
(1, 2, 'Quale attore ha interpretato il ruolo di James Bond nel film \"Casino Royale\"?'),
(2, 1, 'Quanto fa 2 + 2?'),
(2, 2, 'Qual è la radice quadrata di 144?'),
(2, 3, 'Quanto fa 8 x 7?'),
(3, 1, 'Chi era il primo imperatore romano?'),
(3, 2, 'Dove si svolse la Battaglia di Maratona?'),
(3, 3, 'Qual è stato il periodo della Guerra dei Cent\'anni?'),
(3, 4, 'Qual è stata la prima civiltà mesopotamica?'),
(4, 1, 'Qual è la capitale del Giappone?'),
(4, 2, 'In quale continente si trova il deserto del Sahara?'),
(4, 3, 'Qual è il fiume più lungo del mondo?'),
(4, 4, 'Quale nazione ha il maggior numero di isole?'),
(5, 1, 'Chi ha cantato la canzone \"Shape of You\"?'),
(5, 2, 'Qual è il nome completo di Beyoncé?'),
(5, 3, 'Quale gruppo musicale ha pubblicato l\'album \"The Dark Side of the Moon\"?'),
(5, 4, 'Chi è conosciuto come il Re del Pop?'),
(6, 1, 'Chi è stato il primo uomo a camminare sulla Luna?'),
(6, 2, 'Quale scienziato formulò la teoria della relatività?'),
(6, 3, 'Qual è l\'elemento più abbondante nell\'universo?'),
(7, 1, 'Chi è l\'autore del romanzo \"Il conte di Montecristo\"?'),
(7, 2, 'In quale opera di Shakespeare appare il personaggio di Hamlet?'),
(7, 3, 'Chi è l autore del libro Cent anni di solitudine?'),
(8, 1, 'Cos\'è un algoritmo?'),
(8, 2, 'In che linguaggio è scritto il software di sistema Unix?'),
(8, 3, 'Chi è considerato il padre dell\'informatica?'),
(9, 1, 'Qual è la lingua ufficiale dell\'Argentina?'),
(9, 2, 'Qual è la lingua più parlata al mondo?'),
(9, 3, 'Quante lingue ufficiali ha il Canada?'),
(10, 1, 'Chi è considerato il padre della filosofia occidentale?'),
(10, 2, 'Che cosa è l\'etica?'),
(10, 3, 'Qual è la principale teoria filosofica di Platone?'),
(11, 1, 'Chi ha vinto l\'Oscar come Miglior Attrice nel 2020?'),
(11, 2, 'Qual è stato il primo film a vincere l\'Oscar come Miglior Film?'),
(11, 3, 'Chi ha diretto il film Parasite, vincitore dell\'Oscar come Miglior Film nel 2020?'),
(12, 1, 'Cosa rappresenta il numero pi greco?'),
(12, 2, 'Che cos\'è la congettura di Goldbach?'),
(12, 3, 'Qual è il teorema fondamentale del calcolo?'),
(13, 1, 'Qual è stato il più grande impero della storia?'),
(13, 2, 'Qual è stato l\'impero che ha regnato più a lungo nella storia dell\'umanità?'),
(13, 3, 'Qual era la capitale dell\'Impero Romano?'),
(14, 1, 'Quale continente ha la maggior popolazione?'),
(14, 2, 'Qual è il continente più piccolo del mondo?'),
(14, 3, 'Quale è il più grande deserto del mondo?'),
(15, 1, 'Chi è l\'autore della teoria dell\'evoluzione per selezione naturale?'),
(15, 2, 'Qual è l\'unità di misura della corrente elettrica?'),
(15, 3, 'Che cos\'è la teoria delle stringhe?'),
(16, 1, 'Chi ha dipinto la Mona Lisa?'),
(16, 2, 'Qual è l\'opera più famosa di Michelangelo?'),
(16, 3, 'Chi è l\'artista che ha scolpito il David?'),
(17, 1, 'Qual è il nome della principessa protagonista della fiaba La Bella Addormentata?'),
(17, 2, 'Chi è l\'autore della fiaba Cappuccetto Rosso?'),
(17, 3, 'Qual è l\'animale che diventa il migliore amico di Cenerentola nella fiaba omonima?'),
(18, 1, 'Qual è il più grande oceano del mondo?'),
(18, 2, 'Che cos\'è un vulcano?'),
(18, 3, 'Quale animale è conosciuto come il Re della Giungla?'),
(19, 1, 'Chi è il creatore del videogioco Super Mario Bros?'),
(19, 2, 'Qual è stato il primo videogioco mai creato?'),
(19, 3, 'In quale anno è stato lanciato il videogioco Tetris?'),
(20, 1, 'Chi è il compositore de \"Il Lago dei Cigni\"?'),
(20, 2, 'Qual è il periodo storico della musica classica?'),
(20, 3, 'Chi è l\'autore della Sinfonia n.9 detta dalla Nuova Mondo?'),
(21, 1, 'Qual è l\'elemento più leggero della tavola periodica?'),
(21, 2, 'Che cos\'è un composto chimico?'),
(21, 3, 'Qual è il simbolo chimico dell\'ossigeno?'),
(22, 1, 'Chi è l\'artista che ha dipinto \"La creazione di Adamo\"?'),
(22, 2, 'In quale città è situata la Basilica di San Pietro?'),
(22, 3, 'Chi è l\'autore del dipinto \"La Primavera\"?'),
(23, 1, 'Qual è l\'animale più veloce del mondo?'),
(23, 2, 'Che animale è il protagonista del romanzo \"Moby Dick\"?'),
(23, 3, 'Qual è l\'unico mammifero in grado di volare?'),
(24, 1, 'Qual è l\'ingrediente principale del sushi?'),
(24, 2, 'In quale paese è originaria la pizza?'),
(24, 3, 'Qual è il piatto nazionale del Messico?'),
(25, 1, 'Qual è il dinosauro più grande mai scoperto?'),
(25, 2, 'Quale periodo geologico è noto per l\'estinzione dei dinosauri?'),
(25, 3, 'Qual è il dinosauro carnivoro più famoso?'),
(26, 1, 'Chi ha dipinto \"La Notte Stellata\"?'),
(26, 2, 'Qual è il nome completo di Picasso?'),
(26, 3, 'Chi è l\'artista del quadro \"La Gioconda\"?'),
(27, 1, 'Cos\'è l\'intelligenza artificiale?'),
(27, 2, 'Qual è la principale fonte di energia rinnovabile?'),
(27, 3, 'Cosa si intende per Internet delle cose (IoT)?'),
(28, 1, 'Chi è stato il fondatore della casa di moda Chanel?'),
(28, 2, 'Qual è il capo d\'abbigliamento tradizionale giapponese?'),
(28, 3, 'Chi è considerato il re della moda italiana?'),
(29, 1, 'Che cos\'è una galassia?'),
(29, 2, 'Quale teoria descrive l\'origine dell\'universo?'),
(29, 3, 'Qual è il pianeta più grande del sistema solare?'),
(30, 1, 'Chi è il protagonista del film \"Alla ricerca di Nemo\"?'),
(30, 2, 'Quale studio di animazione ha creato il film \"Toy Story\"?'),
(30, 3, 'Qual è il film d\'animazione più redditizio di tutti i tempi?'),
(31, 1, 'Chi è stato il primo presidente degli Stati Uniti?'),
(31, 2, 'In quale paese è nato Nelson Mandela?'),
(31, 3, 'Chi è stato il primo ministro britannico durante la Seconda Guerra Mondiale?'),
(32, 1, 'Qual è il pianeta più vicino al Sole?'),
(32, 2, 'Quale pianeta del sistema solare è conosciuto per i suoi anelli?'),
(32, 3, 'Qual è il satellite naturale della Terra?'),
(33, 1, 'Chi è stato il primo medico ad utilizzare l\'antisepsi durante le operazioni chirurgiche?'),
(33, 2, 'Chi è stato il primo a scoprire il vaccino contro la polio?'),
(33, 3, 'Quale scienziato ha scoperto la penicillina?'),
(35, 1, 'Qual è l\'animale marino più grande del mondo?'),
(35, 2, 'Quale specie di squalo è conosciuta come il \"mangiatore di uomini\"?'),
(35, 3, 'Dove si trova la fossa delle Marianne?'),
(36, 1, 'Chi è l\'autore del romanzo \"1984\"?'),
(36, 2, 'Qual è il protagonista del romanzo \"Il vecchio e il mare\"?'),
(36, 3, 'In quale epoca è ambientato il romanzo \"Orgoglio e Pregiudizio\"?'),
(37, 1, 'Chi è l\'attore che interpreta Iron Man nel Marvel Cinematic Universe?'),
(37, 2, 'Quale dei seguenti personaggi dei fumetti Marvel è conosciuto come \"il dio del tuono\"?'),
(37, 3, 'Qual è il primo film del Marvel Cinematic Universe?'),
(38, 1, 'Dove si trova l\'antica città di Machu Picchu?'),
(38, 2, 'Qual è stata la capitale dell\'Impero Romano?'),
(38, 3, 'In quale paese è stata scoperta la tomba di Tutankhamon?'),
(39, 1, 'Che cos\'è un buco nero?'),
(39, 2, 'Qual è la teoria scientifica che descrive l\'espansione dell\'universo?'),
(39, 3, 'Qual è il processo che alimenta il Sole?'),
(40, 1, 'Qual è la montagna più alta del mondo?'),
(40, 2, 'Che cos\'è un vulcano attivo?'),
(40, 3, 'Quale parte della Terra è nota per i suoi terremoti frequenti?'),
(41, 1, 'Qual era la principale divinità dell\'antico Egitto?'),
(41, 2, 'Quale regina dell\'antico Egitto è famosa per la sua bellezza?'),
(41, 3, 'Qual è la più grande piramide dell\'antico Egitto?'),
(42, 1, 'Chi è il frontman dei The Rolling Stones?'),
(42, 2, 'Qual è il primo album dei Beatles?'),
(42, 3, 'Qual è il genere musicale spesso associato a Elvis Presley?'),
(43, 1, 'Qual è l\'opera teatrale più famosa di William Shakespeare?'),
(43, 2, 'Chi è l\'autore del romanzo \"Otello\"?'),
(43, 3, 'Chi è stato il compositore dell\'opera \"La Traviata\"?'),
(44, 1, 'Qual è la stella più vicina alla Terra?'),
(44, 2, 'Qual è il pianeta più caldo del sistema solare?'),
(44, 3, 'Quante lune ha Marte?'),
(45, 1, 'Chi è stato il primo presidente della Repubblica Italiana?'),
(45, 2, 'Chi è stato il fondatore del Partito Comunista Italiano?'),
(45, 3, 'Qual è il periodo storico noto come \"Risorgimento italiano\"?'),
(46, 1, 'Qual è il nome del protagonista di \"Breaking Bad\"?'),
(46, 2, 'Chi è l\'autore del romanzo \"Il Trono di Spade\", da cui è tratta la serie TV?'),
(46, 3, 'In quale città è ambientata la serie TV \"Friends\"?'),
(47, 1, 'Qual è l\'organo più grande del corpo umano?'),
(47, 2, 'Qual è la funzione principale del cuore umano?'),
(47, 3, 'Cosa studia la genetica?'),
(48, 1, 'Qual è il piatto nazionale del Giappone?'),
(48, 2, 'Che cosa sono i tacos?'),
(48, 3, 'Qual è il formaggio nazionale della Francia?'),
(49, 1, 'Chi è il creatore del videogioco \"The Legend of Zelda\"?'),
(49, 2, 'Qual è stato il primo videogioco ad avere una versione arcade?'),
(49, 3, 'Qual è il videogioco più venduto di tutti i tempi?'),
(50, 1, 'Chi è il re degli dei nella mitologia greca?'),
(50, 2, 'Qual è il nome del dio nordico del tuono?'),
(50, 3, 'Qual è l\'animale simbolo di Atena nella mitologia greca?'),
(51, 1, 'Cos\'è l\'intelligenza artificiale?'),
(51, 2, 'Che cos\'è il Bitcoin?'),
(51, 3, 'Qual è il nome del primo satellite artificiale?'),
(52, 1, 'Chi è stato l\'autore della teoria della relatività?'),
(52, 2, 'Cosa studia la fisica quantistica?'),
(52, 3, 'Qual è la legge fisica che descrive la forza di gravità?'),
(53, 1, 'Chi è la famosa stilista italiana conosciuta come \"la regina del cashmere\"?'),
(53, 2, 'Qual è il marchio di moda fondato da Coco Chanel?'),
(53, 3, 'Chi è il direttore creativo della casa di moda Gucci?'),
(54, 1, 'Qual è l\'animale più veloce del mondo?'),
(54, 2, 'Che cos\'è un ecosistema?'),
(54, 3, 'Qual è il più grande oceano del mondo?'),
(55, 1, 'Qual è il nome del protagonista della fiaba \"Cappuccetto Rosso\"?'),
(55, 2, 'Chi è l\'autore della fiaba \"La sirenetta\"?'),
(55, 3, 'Qual è l\'animale di compagnia di Alice nel Paese delle Meraviglie?'),
(56, 1, 'Chi è l\'artista che ha dipinto \"La Gioconda\"?'),
(56, 2, 'Qual è il movimento artistico di Leonardo da Vinci?'),
(56, 3, 'Chi è stato il principale esponente del Surrealismo?'),
(57, 1, 'Qual è stato l\'impero che ha dominato gran parte dell\'Europa, dell\'Asia e dell\'Africa nel I secolo d.C.?'),
(57, 2, 'Chi è stato il fondatore dell\'Impero Persiano?'),
(57, 3, 'Qual era la capitale dell\'Impero Bizantino?'),
(58, 1, 'Chi è stato il padre della scienza moderna?'),
(58, 2, 'Qual è stato il primo uomo a raggiungere lo spazio?'),
(58, 3, 'Chi ha scoperto la legge di gravitazione universale?'),
(59, 1, 'Chi è il protagonista del film d\'animazione \"Alla ricerca di Nemo\"?'),
(59, 2, 'Qual è stato il primo lungometraggio d\'animazione Disney?'),
(59, 3, 'Chi è il creatore del personaggio di Topolino?'),
(60, 1, 'Qual è l\'alfabeto utilizzato nella lingua russa?'),
(60, 2, 'Che lingua è parlata in Brasile?'),
(60, 3, 'Qual è la lingua ufficiale del Giappone?'),
(61, 1, 'Chi è l\'autore della Divina Commedia?'),
(61, 2, 'Qual è il poeta romantico autore di \"La spigolatrice di Sapri\"?'),
(61, 3, 'Qual è il poeta greco autore dell\'Iliade e dell\'Odissea?'),
(62, 1, 'Qual è il cane più piccolo del mondo?'),
(62, 2, 'Qual è il gatto più grande del mondo?'),
(62, 3, 'Qual è il pesce rosso più comune nei laghetti da giardino?'),
(63, 1, 'Chi è stato il regista del film \"La dolce vita\"?'),
(63, 2, 'Qual è il nome della protagonista del film \"La vita è bella\"?'),
(63, 3, 'Chi è l\'attore italiano protagonista del film \"Il padrino\"?'),
(64, 1, 'Qual è la città che ha ospitato le prime Olimpiadi moderne nel 1896?'),
(64, 2, 'Qual è lo stadio principale delle Olimpiadi di Atene 2004?'),
(64, 3, 'Quanti anelli sono presenti nella bandiera olimpica?'),
(65, 1, 'Chi è stato il primo a scoprire la legge di gravitazione universale?'),
(65, 2, 'Qual è l\'inventore del primo microscopio?'),
(65, 3, 'In quale anno è stata scoperta la penicillina?'),
(66, 1, 'Chi è il dio del tuono nella mitologia norrena?'),
(66, 2, 'Qual è l\'animale che compare nell\'emblema nazionale della Norvegia?'),
(66, 3, 'Qual è il nome del drago che veglia sul tesoro di Sigfrido?'),
(67, 1, 'Qual è l\'animale nazionale dell\'Australia?'),
(67, 2, 'Dove vivono gli orsi polari?'),
(67, 3, 'Qual è l\'unico mammifero in grado di volare?'),
(68, 1, 'Chi è l\'autore del Signore degli Anelli?'),
(68, 2, 'Qual è il nome del protagonista della saga di Harry Potter?'),
(68, 3, 'In quale luogo è ambientata la saga di \"Cronache del ghiaccio e del fuoco\"?'),
(69, 1, 'Cos\'è l\'energia nucleare?'),
(69, 2, 'Qual è l\'unità di misura della temperatura assoluta?'),
(69, 3, 'Chi è stato il primo uomo a camminare sulla Luna?'),
(70, 1, 'Cos\'è l\'ADN?'),
(70, 2, 'Qual è l\'organo più grande del corpo umano?'),
(70, 3, 'Qual è il processo biologico di base per la riproduzione umana?'),
(71, 1, 'Qual è il nome del protagonista della serie TV \"Friends\"?'),
(71, 2, 'Chi è stato l\'interprete principale della serie TV \"Beverly Hills 90210\"?'),
(71, 3, 'Qual è la famiglia protagonista della serie TV \"Full House\"?'),
(72, 1, 'Qual è il cocktail più famoso?'),
(72, 2, 'Da cosa è fatta principalmente la birra?'),
(72, 3, 'Qual è l\'ingrediente principale del vino rosso?'),
(73, 1, 'Qual è la definizione di psicologia?'),
(73, 2, 'Cos\'è la sindrome di Stoccolma?'),
(73, 3, 'Chi è stato il fondatore della psicoanalisi?'),
(74, 1, 'Qual è la famosa arte marziale giapponese nota come \"il percorso della mano vuota\"?'),
(74, 2, 'Chi è stato il fondatore del Judo?'),
(74, 3, 'Qual è lo stile di Kung Fu ispirato ai movimenti degli animali?'),
(75, 1, 'Qual è il libro sacro dell\'Islam?'),
(75, 2, 'Chi è il fondatore del Buddismo?'),
(75, 3, 'Qual è il nome del dio supremo nell\'antica mitologia greca?'),
(76, 1, 'Qual è l\'strumento musicale a fiato più piccolo?'),
(76, 2, 'Che cos\'è un violoncello?'),
(76, 3, 'Qual è l\'strumento principale di una batteria?'),
(77, 1, 'Qual è il più grande fiume del mondo per lunghezza?'),
(77, 2, 'Qual è la catena montuosa più lunga del mondo?'),
(77, 3, 'Qual è il deserto più grande del mondo?'),
(78, 1, 'Qual è l\'animale terrestre più grande del mondo?'),
(78, 2, 'Qual è il più grande animale marino del mondo?'),
(78, 3, 'Quale pianta è conosciuta come \"l\'albero della vita\"?'),
(79, 1, 'Qual è il piatto di pasta italiano più famoso al mondo?'),
(79, 2, 'Qual è il formaggio italiano più popolare?'),
(79, 3, 'Qual è il dolce italiano fatto con mascarpone e savoiardi?'),
(80, 1, 'Qual è l\'esercizio fisico più comune per rafforzare i muscoli addominali?'),
(80, 2, 'Che cosa è il bodybuilding?'),
(80, 3, 'Qual è l\'attrezzatura più comune per fare esercizi cardiovascolari in palestra?'),
(81, 1, 'Qual è stata la data della Rivoluzione Francese?'),
(81, 2, 'Chi è stato il leader della Rivoluzione Russa?'),
(81, 3, 'In quale paese si è svolta la Rivoluzione Cubana?'),
(82, 1, 'Qual è il vero nome di Iron Man?'),
(82, 2, 'Qual è il supereroe noto per il suo martello, chiamato Mjolnir?'),
(82, 3, 'Chi è il nemico principale di Spider-Man?'),
(83, 1, 'Qual è stato il primo film sonoro della storia del cinema?'),
(83, 2, 'Chi è stato il regista di \"Schindler\'s List\"?'),
(83, 3, 'Qual è il nome del personaggio interpretato da Humphrey Bogart nel film \"Casablanca\"?'),
(84, 1, 'Chi è stato il co-fondatore di Apple insieme a Steve Jobs?'),
(84, 2, 'Qual è il sistema operativo più diffuso al mondo per i computer personali?'),
(84, 3, 'Chi è stato il fondatore di Microsoft?'),
(85, 1, 'Qual è stata la capitale dell\'antico Impero Romano?'),
(85, 2, 'Qual è stata la civiltà antica conosciuta per la costruzione delle piramidi?'),
(85, 3, 'In quale continente è nata la civiltà sumera?'),
(86, 1, 'Qual è l\'albero nazionale degli Stati Uniti?'),
(86, 2, 'Qual è l\'albero più alto del mondo?'),
(86, 3, 'Quale albero è conosciuto per le sue foglie a forma di ventaglio?'),
(87, 1, 'Chi è stato il compositore di \"Le quattro stagioni\"?'),
(87, 2, 'Qual è l\'opera lirica più famosa di Giuseppe Verdi?'),
(87, 3, 'Qual è il nome del compositore di \"La Traviata\"?'),
(88, 1, 'Qual è il nome della sirenetta protagonista del film Disney?'),
(88, 2, 'Qual è l\'animale domestico di Cenerentola?'),
(88, 3, 'Chi è l\'autore della fiaba originale di \"La bella addormentata nel bosco\"?'),
(89, 1, 'Chi è stato l\'inventore del telefono?'),
(89, 2, 'Qual è stata la prima invenzione di Thomas Edison?'),
(89, 3, 'Chi è stato l\'inventore del primo aereo funzionante?'),
(90, 1, 'Qual è l\'organo più grande del corpo umano?'),
(90, 2, 'Qual è l\'organo responsabile della produzione dei globuli rossi?'),
(90, 3, 'Cosa studia l\'anatomia?'),
(91, 1, 'Qual è il nome del killer protagonista del film \"Halloween\"?'),
(91, 2, 'Chi è stato il regista del film \"L\'esorcista\"?'),
(91, 3, 'Qual è il nome del motel nel film \"Psycho\"?'),
(92, 1, 'Quale lingua è parlata in Cina?'),
(92, 2, 'Qual è la lingua più parlata al mondo?'),
(92, 3, 'Qual è la lingua ufficiale dell\'Argentina?'),
(93, 1, 'Chi è stato il fondatore del Cubismo?'),
(93, 2, 'Chi è l\'artista del famoso dipinto \"La persistenza della memoria\"?'),
(93, 3, 'Qual è stato il movimento artistico associato a Andy Warhol?'),
(94, 1, 'Chi è il dio greco del mare?'),
(94, 2, 'Qual è il nome del figlio di Zeus e della ninfa Leto?'),
(94, 3, 'Qual è il mitico luogo degli dei nella mitologia greca?'),
(95, 1, 'Qual è il gioco da tavolo in cui si acquistano proprietà e si costruiscono case e hotel?'),
(95, 2, 'Qual è il gioco da tavolo in cui si deve trovare chi è il colpevole di un omicidio?'),
(95, 3, 'Qual è il gioco da tavolo in cui si devono evitare le mine mentre si cerca di raggiungere l\'altro lato della mappa?'),
(96, 1, 'Cos\'è la depressione?'),
(96, 2, 'Cos\'è la sindrome di Tourette?'),
(96, 3, 'Qual è il disturbo caratterizzato da paura e ansia eccessive?'),
(97, 1, 'Qual è il nome del celebre balletto di Tchaikovsky?'),
(97, 2, 'Chi è stato il famoso ballerino russo, considerato uno dei più grandi di tutti i tempi?'),
(97, 3, 'Qual è il ballo di coppia originario dell\'Argentina?'),
(98, 1, 'Chi è stato il fondatore dell\'Impero Mongolo?'),
(98, 2, 'Qual è stata la capitale dell\'Impero Romano d\'Oriente?'),
(98, 3, 'Chi è stato il grande condottiero che ha fondato l\'Impero Macedone?'),
(99, 1, 'Chi è l\'autore del romanzo \"Delitto e castigo\"?'),
(99, 2, 'Qual è il titolo dell\'opera più famosa di Lev Tolstoj?'),
(99, 3, 'Chi è stato il poeta russo autore della poesia \"Il canto del cosacco\"?'),
(100, 1, 'Chi è stato il primo fotografo a scattare una foto?'),
(100, 2, 'Qual è il nome del processo fotografico inventato da Louis Daguerre?'),
(100, 3, 'Chi è l\'autore della celebre foto \"Bacio a Times Square\"?');

-- --------------------------------------------------------

--
-- Struttura della tabella `PARTECIPAZIONE`
--

CREATE TABLE `PARTECIPAZIONE` (
  `CODICE` int NOT NULL,
  `UTENTE` varchar(65) NOT NULL,
  `QUIZ` int NOT NULL,
  `DATA` date NOT NULL
) ENGINE=MyISAM DEFAULT CHARSET=utf8mb4 COLLATE=utf8mb4_0900_ai_ci;

--
-- Dump dei dati per la tabella `PARTECIPAZIONE`
--

INSERT INTO `PARTECIPAZIONE` (`CODICE`, `UTENTE`, `QUIZ`, `DATA`) VALUES
(12, 'andrea_92', 10, '2024-04-25'),
(11, 'andrea_88', 10, '2024-04-26'),
(10, 'alice1985', 10, '2024-04-27'),
(9, 'alex_94', 10, '2024-04-28'),
(8, 'alessia_mistica', 9, '2024-04-25'),
(7, 'alessia_misteriosa', 9, '2024-04-26'),
(6, 'alessia_incantata', 9, '2024-04-27'),
(5, 'alessia_88', 9, '2024-04-28'),
(4, 'alessandro_misterioso', 8, '2024-04-25'),
(3, 'alessandro_fantasma', 8, '2024-04-26'),
(2, 'alessandro_90', 8, '2024-04-27'),
(502, 'utenteMain', 100, '2024-05-10'),
(13, 'andrea_enigma', 11, '2024-04-28'),
(14, 'andrea_fantasma', 11, '2024-04-27'),
(15, 'andrea_miraggio', 11, '2024-04-26'),
(16, 'andrea_mistico', 11, '2024-04-25'),
(17, 'andrea_red', 12, '2024-04-28'),
(18, 'andrea91', 12, '2024-04-27'),
(19, 'andrea99', 12, '2024-04-26'),
(20, 'angela_94', 12, '2024-04-25'),
(21, 'anna_89', 13, '2024-04-28'),
(22, 'anna_sogno', 13, '2024-04-27'),
(23, 'anna_stella', 13, '2024-04-26'),
(24, 'anna85', 13, '2024-04-25'),
(25, 'anna90', 14, '2024-04-28'),
(26, 'antonio_89', 14, '2024-04-27'),
(27, 'antonio_favola', 14, '2024-04-26'),
(28, 'antonio123', 14, '2024-04-25'),
(29, 'camilla_favolosa', 15, '2024-04-28'),
(30, 'carlo_85', 15, '2024-04-27'),
(31, 'chiara_miraggio', 15, '2024-04-26'),
(32, 'chiara89', 15, '2024-04-25'),
(33, 'claudia00', 16, '2024-04-28'),
(34, 'cristina88', 16, '2024-04-27'),
(35, 'david_brown', 16, '2024-04-26'),
(36, 'davide_incantato', 16, '2024-04-25'),
(37, 'davide92', 17, '2024-04-28'),
(38, 'elena_87', 17, '2024-04-27'),
(39, 'elena_aurora', 17, '2024-04-26'),
(40, 'elena_fata', 17, '2024-04-25'),
(41, 'elena_incantata', 18, '2024-04-28'),
(42, 'elena_incantatrice', 18, '2024-04-27'),
(43, 'elena83', 18, '2024-04-26'),
(44, 'elena90', 18, '2024-04-25'),
(45, 'eleonora89', 19, '2024-04-28'),
(46, 'elisa_91', 19, '2024-04-27'),
(47, 'elisa_misteriosa', 19, '2024-04-26'),
(48, 'emma_green', 19, '2024-04-25'),
(49, 'fabio78', 20, '2024-04-28'),
(50, 'federica_fiaba', 20, '2024-04-27'),
(51, 'federica_incantata', 20, '2024-04-26'),
(52, 'federico88', 20, '2024-04-25'),
(53, 'francesca_90', 21, '2024-04-28'),
(54, 'francesca_blu', 21, '2024-04-27'),
(55, 'francesca_fiabesca', 21, '2024-04-26'),
(56, 'francesco_87', 21, '2024-04-25'),
(57, 'francesco_mistero', 22, '2024-04-28'),
(58, 'francesco77', 22, '2024-04-27'),
(59, 'giacomo_90', 22, '2024-04-26'),
(60, 'giacomo_mago', 22, '2024-04-25'),
(61, 'giacomo88', 23, '2024-04-28'),
(62, 'giorgia_89', 23, '2024-04-27'),
(63, 'giorgia88', 23, '2024-04-26'),
(64, 'giorgio_mago', 23, '2024-04-25'),
(65, 'giorgio123', 24, '2024-04-28'),
(66, 'giovanna_visione', 24, '2024-04-27'),
(67, 'giovanni_arcano', 24, '2024-04-26'),
(68, 'giovanni99', 24, '2024-04-25'),
(69, 'giulia_92', 25, '2024-04-28'),
(70, 'giulia_fiabe', 25, '2024-04-27'),
(71, 'giulia88', 25, '2024-04-26'),
(72, 'giuseppe_magico', 25, '2024-04-25'),
(73, 'ilaria_91', 26, '2024-04-28'),
(74, 'ilaria87', 26, '2024-04-27'),
(75, 'john_smith', 26, '2024-04-26'),
(76, 'laura_89', 26, '2024-04-25'),
(77, 'laura91', 27, '2024-04-28'),
(78, 'linda_90', 27, '2024-04-27'),
(79, 'lorenzo_favola', 27, '2024-04-26'),
(80, 'lorenzo_favoloso', 27, '2024-04-25'),
(81, 'lorenzo89', 28, '2024-04-28'),
(82, 'luca_88', 28, '2024-04-27'),
(83, 'luca_92', 28, '2024-04-26'),
(84, 'luca_94', 28, '2024-04-25'),
(85, 'luca_nuvola', 29, '2024-04-28'),
(86, 'luca_nuvoloso', 29, '2024-04-27'),
(87, 'luca_sogno', 29, '2024-04-26'),
(88, 'luca88', 29, '2024-04-25'),
(89, 'lucia87', 30, '2024-04-28'),
(90, 'luigi_87', 30, '2024-04-27'),
(91, 'luigi_90', 30, '2024-04-26'),
(92, 'luigi_fantasia', 30, '2024-04-25'),
(93, 'luigi_favoloso', 31, '2024-04-28'),
(94, 'marco_123', 31, '2024-04-27'),
(95, 'marco_fantastico', 31, '2024-04-26'),
(96, 'marco_favola', 31, '2024-04-25'),
(97, 'marco_misterioso', 32, '2024-04-28'),
(98, 'marco75', 32, '2024-04-27'),
(99, 'marco91', 32, '2024-04-26'),
(100, 'maria_miracolo', 32, '2024-04-25'),
(101, 'marika92', 33, '2024-04-28'),
(102, 'marina87', 33, '2024-04-27'),
(103, 'mario_giallo', 33, '2024-04-26'),
(104, 'marta_88', 33, '2024-04-25'),
(501, 'utenteMain', 19, '2024-05-10'),
(500, 'utenteMain', 19, '2024-05-10'),
(499, 'utenteMain', 19, '2024-05-10'),
(498, 'utenteMain', 4, '2024-05-10'),
(109, 'massimo86', 35, '2024-04-28'),
(110, 'michele_mistico', 35, '2024-04-27'),
(111, 'michele88', 35, '2024-04-26'),
(112, 'paola76', 35, '2024-04-25'),
(113, 'paolo_incantato', 36, '2024-04-28'),
(114, 'paolo88', 36, '2024-04-27'),
(115, 'riccardo84', 36, '2024-04-26'),
(116, 'roberto_misterioso', 36, '2024-04-25'),
(117, 'roberto_mistero', 37, '2024-04-28'),
(118, 'roberto91', 37, '2024-04-27'),
(119, 'samuel00', 37, '2024-04-26'),
(120, 'sara_90', 37, '2024-04-25'),
(121, 'sara_93', 38, '2024-04-28'),
(122, 'sara_incantata', 38, '2024-04-27'),
(123, 'sara_luna', 38, '2024-04-26'),
(124, 'sara_misteriosa', 38, '2024-04-25'),
(125, 'sara_sogno', 39, '2024-04-28'),
(126, 'sara_stellare', 39, '2024-04-27'),
(127, 'sara91', 39, '2024-04-26'),
(128, 'serena90', 39, '2024-04-25'),
(129, 'silvia_fiabesca', 40, '2024-04-28'),
(130, 'silvia_misteriosa', 40, '2024-04-27'),
(131, 'silvia87', 40, '2024-04-26'),
(132, 'simona_incanto', 40, '2024-04-25'),
(133, 'simone93', 41, '2024-04-28'),
(134, 'sophia_williams', 41, '2024-04-27'),
(135, 'stefania_93', 41, '2024-04-26'),
(136, 'stefano_magico', 41, '2024-04-25'),
(137, 'valentina_87', 42, '2024-04-28'),
(138, 'valentina_favola', 42, '2024-04-27'),
(139, 'valentina_fiaba', 42, '2024-04-26'),
(140, 'valentina_fiabesca', 42, '2024-04-25'),
(141, 'valentina91', 43, '2024-04-28'),
(142, 'valeria_pink', 43, '2024-04-27'),
(143, 'valeria93', 43, '2024-04-26'),
(144, 'veronica88', 43, '2024-04-25'),
(145, 'alessandro_86', 44, '2024-04-28'),
(146, 'alessandro_90', 44, '2024-04-27'),
(147, 'alessandro_fantasma', 44, '2024-04-26'),
(148, 'alessandro_misterioso', 44, '2024-04-25'),
(149, 'alessia_88', 45, '2024-04-28'),
(150, 'alessia_incantata', 45, '2024-04-27'),
(151, 'alessia_misteriosa', 45, '2024-04-26'),
(152, 'alessia_mistica', 45, '2024-04-25'),
(153, 'alex_94', 46, '2024-04-28'),
(154, 'alice1985', 46, '2024-04-27'),
(155, 'andrea_88', 46, '2024-04-26'),
(156, 'andrea_92', 46, '2024-04-25'),
(157, 'andrea_enigma', 47, '2024-04-28'),
(158, 'andrea_fantasma', 47, '2024-04-27'),
(159, 'andrea_miraggio', 47, '2024-04-26'),
(160, 'andrea_mistico', 47, '2024-04-25'),
(161, 'andrea_red', 48, '2024-04-28'),
(162, 'andrea91', 48, '2024-04-27'),
(163, 'andrea99', 48, '2024-04-26'),
(164, 'angela_94', 48, '2024-04-25'),
(165, 'anna_89', 49, '2024-04-28'),
(166, 'anna_sogno', 49, '2024-04-27'),
(167, 'anna_stella', 49, '2024-04-26'),
(168, 'anna85', 49, '2024-04-25'),
(169, 'anna90', 50, '2024-04-28'),
(170, 'antonio_89', 50, '2024-04-27'),
(171, 'antonio_favola', 50, '2024-04-26'),
(172, 'antonio123', 50, '2024-04-25'),
(173, 'camilla_favolosa', 51, '2024-04-28'),
(174, 'carlo_85', 51, '2024-04-27'),
(175, 'chiara_miraggio', 51, '2024-04-26'),
(176, 'chiara89', 51, '2024-04-25'),
(177, 'claudia00', 52, '2024-04-28'),
(178, 'cristina88', 52, '2024-04-27'),
(179, 'david_brown', 52, '2024-04-26'),
(180, 'davide_incantato', 52, '2024-04-25'),
(181, 'davide92', 53, '2024-04-28'),
(182, 'elena_87', 53, '2024-04-27'),
(183, 'elena_aurora', 53, '2024-04-26'),
(184, 'elena_fata', 53, '2024-04-25'),
(185, 'elena_incantata', 54, '2024-04-28'),
(186, 'elena_incantatrice', 54, '2024-04-27'),
(187, 'elena83', 54, '2024-04-26'),
(188, 'elena90', 54, '2024-04-25'),
(189, 'eleonora89', 55, '2024-04-28'),
(190, 'elisa_91', 55, '2024-04-27'),
(191, 'elisa_misteriosa', 55, '2024-04-26'),
(192, 'emma_green', 55, '2024-04-25'),
(193, 'fabio78', 56, '2024-04-28'),
(194, 'federica_fiaba', 56, '2024-04-27'),
(195, 'federica_incantata', 56, '2024-04-26'),
(196, 'federico88', 56, '2024-04-25'),
(197, 'francesca_90', 57, '2024-04-28'),
(198, 'francesca_blu', 57, '2024-04-27'),
(199, 'francesca_fiabesca', 57, '2024-04-26'),
(200, 'francesco_87', 57, '2024-04-25'),
(201, 'francesco_mistero', 58, '2024-04-28'),
(202, 'francesco77', 58, '2024-04-27'),
(203, 'giacomo_90', 58, '2024-04-26'),
(204, 'giacomo_mago', 58, '2024-04-25'),
(205, 'giacomo88', 59, '2024-04-28'),
(206, 'giorgia_89', 59, '2024-04-27'),
(207, 'giorgia88', 59, '2024-04-26'),
(208, 'giorgio_mago', 59, '2024-04-25'),
(209, 'giorgio123', 60, '2024-04-28'),
(210, 'giovanna_visione', 60, '2024-04-27'),
(211, 'giovanni_arcano', 60, '2024-04-26'),
(212, 'giovanni99', 60, '2024-04-25'),
(213, 'giulia_92', 61, '2024-04-28'),
(214, 'giulia_fiabe', 61, '2024-04-27'),
(215, 'giulia88', 61, '2024-04-26'),
(216, 'giuseppe_magico', 61, '2024-04-25'),
(217, 'ilaria_91', 62, '2024-04-28'),
(218, 'ilaria87', 62, '2024-04-27'),
(219, 'john_smith', 62, '2024-04-26'),
(220, 'laura_89', 62, '2024-04-25'),
(221, 'laura91', 63, '2024-04-28'),
(222, 'linda_90', 63, '2024-04-27'),
(223, 'lorenzo_favola', 63, '2024-04-26'),
(224, 'lorenzo_favoloso', 63, '2024-04-25'),
(225, 'lorenzo89', 64, '2024-04-28'),
(226, 'luca_88', 64, '2024-04-27'),
(227, 'luca_92', 64, '2024-04-26'),
(228, 'luca_94', 64, '2024-04-25'),
(229, 'luca_nuvola', 65, '2024-04-28'),
(230, 'luca_nuvoloso', 65, '2024-04-27'),
(231, 'luca_sogno', 65, '2024-04-26'),
(232, 'luca88', 65, '2024-04-25'),
(233, 'lucia87', 66, '2024-04-28'),
(234, 'luigi_87', 66, '2024-04-27'),
(235, 'luigi_90', 66, '2024-04-26'),
(236, 'luigi_fantasia', 66, '2024-04-25'),
(237, 'luigi_favoloso', 67, '2024-04-28'),
(238, 'marco_123', 67, '2024-04-27'),
(239, 'marco_fantastico', 67, '2024-04-26'),
(240, 'marco_favola', 67, '2024-04-25'),
(241, 'marco_misterioso', 68, '2024-04-28'),
(242, 'marco75', 68, '2024-04-27'),
(243, 'marco91', 68, '2024-04-26'),
(244, 'maria_miracolo', 68, '2024-04-25'),
(245, 'marika92', 69, '2024-04-28'),
(246, 'marina87', 69, '2024-04-27'),
(247, 'mario_giallo', 69, '2024-04-26'),
(248, 'marta_88', 69, '2024-04-25'),
(249, 'marta_fiaba', 70, '2024-04-28'),
(250, 'marta_misteriosa', 70, '2024-04-27'),
(251, 'marta_mistica', 70, '2024-04-26'),
(252, 'martina99', 70, '2024-04-25'),
(253, 'massimo86', 71, '2024-04-28'),
(254, 'michele_mistico', 71, '2024-04-27'),
(255, 'michele88', 71, '2024-04-26'),
(256, 'paola76', 71, '2024-04-25'),
(257, 'paolo_incantato', 72, '2024-04-28'),
(258, 'paolo88', 72, '2024-04-27'),
(259, 'riccardo84', 72, '2024-04-26'),
(260, 'roberto_misterioso', 72, '2024-04-25'),
(261, 'roberto_mistero', 73, '2024-04-28'),
(262, 'roberto91', 73, '2024-04-27'),
(263, 'samuel00', 73, '2024-04-26'),
(264, 'sara_90', 73, '2024-04-25'),
(265, 'sara_93', 74, '2024-04-28'),
(266, 'sara_incantata', 74, '2024-04-27'),
(267, 'sara_luna', 74, '2024-04-26'),
(268, 'sara_misteriosa', 74, '2024-04-25'),
(269, 'sara_sogno', 75, '2024-04-28'),
(270, 'sara_stellare', 75, '2024-04-27'),
(271, 'sara91', 75, '2024-04-26'),
(272, 'serena90', 75, '2024-04-25'),
(273, 'silvia_fiabesca', 76, '2024-04-28'),
(274, 'silvia_misteriosa', 76, '2024-04-27'),
(275, 'silvia87', 76, '2024-04-26'),
(276, 'simona_incanto', 76, '2024-04-25'),
(277, 'simone93', 77, '2024-04-28'),
(278, 'sophia_williams', 77, '2024-04-27'),
(279, 'stefania_93', 77, '2024-04-26'),
(280, 'stefano_magico', 77, '2024-04-25'),
(281, 'valentina_87', 78, '2024-04-28'),
(282, 'valentina_favola', 78, '2024-04-27'),
(283, 'valentina_fiaba', 78, '2024-04-26'),
(284, 'valentina_fiabesca', 78, '2024-04-25'),
(285, 'valentina91', 79, '2024-04-28'),
(286, 'valeria_pink', 79, '2024-04-27'),
(287, 'valeria93', 79, '2024-04-26'),
(288, 'veronica88', 79, '2024-04-25'),
(289, 'alessandro_86', 80, '2024-04-28'),
(290, 'alessandro_90', 80, '2024-04-27'),
(291, 'alessandro_fantasma', 80, '2024-04-26'),
(292, 'alessandro_misterioso', 80, '2024-04-25'),
(293, 'alessia_88', 81, '2024-04-28'),
(294, 'alessia_incantata', 81, '2024-04-27'),
(295, 'alessia_misteriosa', 81, '2024-04-26'),
(296, 'alessia_mistica', 81, '2024-04-25'),
(297, 'alex_94', 82, '2024-04-28'),
(298, 'alice1985', 82, '2024-04-27'),
(299, 'andrea_88', 82, '2024-04-26'),
(300, 'andrea_92', 82, '2024-04-25'),
(301, 'andrea_enigma', 83, '2024-04-28'),
(302, 'andrea_fantasma', 83, '2024-04-27'),
(303, 'andrea_miraggio', 83, '2024-04-26'),
(304, 'andrea_mistico', 83, '2024-04-25'),
(305, 'andrea_red', 84, '2024-04-28'),
(306, 'andrea91', 84, '2024-04-27'),
(307, 'andrea99', 84, '2024-04-26'),
(308, 'angela_94', 84, '2024-04-25'),
(309, 'anna_89', 85, '2024-04-28'),
(310, 'anna_sogno', 85, '2024-04-27'),
(311, 'anna_stella', 85, '2024-04-26'),
(312, 'anna85', 85, '2024-04-25'),
(313, 'anna90', 86, '2024-04-28'),
(314, 'antonio_89', 86, '2024-04-27'),
(315, 'antonio_favola', 86, '2024-04-26'),
(316, 'antonio123', 86, '2024-04-25'),
(317, 'camilla_favolosa', 87, '2024-04-28'),
(318, 'carlo_85', 87, '2024-04-27'),
(319, 'chiara_miraggio', 87, '2024-04-26'),
(320, 'chiara89', 87, '2024-04-25'),
(321, 'claudia00', 88, '2024-04-28'),
(322, 'cristina88', 88, '2024-04-27'),
(323, 'david_brown', 88, '2024-04-26'),
(324, 'davide_incantato', 88, '2024-04-25'),
(325, 'davide92', 89, '2024-04-28'),
(326, 'elena_87', 89, '2024-04-27'),
(327, 'elena_aurora', 89, '2024-04-26'),
(328, 'elena_fata', 89, '2024-04-25'),
(329, 'elena_incantata', 90, '2024-04-28'),
(330, 'elena_incantatrice', 90, '2024-04-27'),
(331, 'elena83', 90, '2024-04-26'),
(332, 'elena90', 90, '2024-04-25'),
(333, 'eleonora89', 91, '2024-04-28'),
(334, 'elisa_91', 91, '2024-04-27'),
(335, 'elisa_misteriosa', 91, '2024-04-26'),
(336, 'emma_green', 91, '2024-04-25'),
(337, 'fabio78', 92, '2024-04-28'),
(338, 'federica_fiaba', 92, '2024-04-27'),
(339, 'federica_incantata', 92, '2024-04-26'),
(340, 'federico88', 92, '2024-04-25'),
(341, 'francesca_90', 93, '2024-04-28'),
(342, 'francesca_blu', 93, '2024-04-27'),
(343, 'francesca_fiabesca', 93, '2024-04-26'),
(344, 'francesco_87', 93, '2024-04-25'),
(345, 'francesco_mistero', 94, '2024-04-28'),
(346, 'francesco77', 94, '2024-04-27'),
(347, 'giacomo_90', 94, '2024-04-26'),
(348, 'giacomo_mago', 94, '2024-04-25'),
(349, 'giacomo88', 95, '2024-04-28'),
(350, 'giorgia_89', 95, '2024-04-27'),
(351, 'giorgia88', 95, '2024-04-26'),
(352, 'giorgio_mago', 95, '2024-04-25'),
(353, 'giorgio123', 96, '2024-04-28'),
(354, 'giovanna_visione', 96, '2024-04-27'),
(355, 'giovanni_arcano', 96, '2024-04-26'),
(356, 'giovanni99', 96, '2024-04-25'),
(357, 'giulia_92', 97, '2024-04-28'),
(358, 'giulia_fiabe', 97, '2024-04-27'),
(359, 'giulia88', 97, '2024-04-26'),
(360, 'giuseppe_magico', 97, '2024-04-25'),
(361, 'ilaria_91', 98, '2024-04-28'),
(362, 'ilaria87', 98, '2024-04-27'),
(363, 'john_smith', 98, '2024-04-26'),
(364, 'laura_89', 98, '2024-04-25'),
(365, 'laura91', 99, '2024-04-28'),
(366, 'linda_90', 99, '2024-04-27'),
(367, 'lorenzo_favola', 99, '2024-04-26'),
(368, 'lorenzo_favoloso', 99, '2024-04-25'),
(369, 'lorenzo89', 100, '2024-04-28'),
(370, 'luca_88', 100, '2024-04-27'),
(371, 'luca_92', 100, '2024-04-26'),
(372, 'luca_94', 100, '2024-04-25'),
(373, 'alessandro_86', 1, '2024-04-28'),
(377, 'alessandro_90', 1, '2024-04-27'),
(381, 'alessandro_fantasma', 1, '2024-04-26'),
(385, 'alessandro_misterioso', 1, '2024-04-25'),
(389, 'alessia_88', 2, '2024-04-28'),
(393, 'alessia_incantata', 2, '2024-04-27'),
(397, 'alessia_misteriosa', 2, '2024-04-26'),
(401, 'alessia_mistica', 2, '2024-04-25'),
(405, 'alex_94', 3, '2024-04-28'),
(409, 'alice1985', 3, '2024-04-27'),
(413, 'andrea_88', 3, '2024-04-26'),
(417, 'andrea_92', 3, '2024-04-25'),
(421, 'andrea_enigma', 4, '2024-04-28'),
(425, 'andrea_fantasma', 4, '2024-04-27'),
(429, 'andrea_miraggio', 4, '2024-04-26'),
(433, 'andrea_mistico', 4, '2024-04-25'),
(437, 'andrea_red', 5, '2024-04-28'),
(441, 'andrea91', 5, '2024-04-27'),
(445, 'andrea99', 5, '2024-04-26'),
(449, 'angela_94', 5, '2024-04-25'),
(453, 'anna_89', 6, '2024-04-28'),
(457, 'anna_sogno', 6, '2024-04-27'),
(461, 'anna_stella', 6, '2024-04-26'),
(465, 'anna85', 6, '2024-04-25'),
(469, 'anna90', 7, '2024-04-28'),
(473, 'antonio_89', 7, '2024-04-27'),
(477, 'antonio_favola', 7, '2024-04-26'),
(481, 'antonio123', 7, '2024-04-25'),
(485, 'camilla_favolosa', 8, '2024-04-28'),
(489, 'carlo_85', 8, '2024-04-27'),
(493, 'chiara_miraggio', 8, '2024-04-26'),
(497, 'chiara89', 8, '2024-04-25'),
(503, 'utenteMain', 16, '2024-05-10'),
(504, 'utenteMain', 99, '2024-05-10'),
(505, 'utenteMain', 12, '2024-05-10'),
(506, 'utenteMain', 76, '2024-05-10');

-- --------------------------------------------------------

--
-- Struttura della tabella `QUIZ`
--

CREATE TABLE `QUIZ` (
  `CODICE` int NOT NULL,
  `CREATORE` varchar(65) CHARACTER SET utf8mb4 COLLATE utf8mb4_0900_ai_ci NOT NULL,
  `TITOLO` text NOT NULL,
  `DATA_INIZIO` date NOT NULL,
  `DATA_FINE` date NOT NULL
) ENGINE=MyISAM DEFAULT CHARSET=utf8mb4 COLLATE=utf8mb4_0900_ai_ci;

--
-- Dump dei dati per la tabella `QUIZ`
--

INSERT INTO `QUIZ` (`CODICE`, `CREATORE`, `TITOLO`, `DATA_INIZIO`, `DATA_FINE`) VALUES
(1, 'giorgio_mago', 'Test sulla cinematografia mondiale', '2024-04-25', '2024-05-05'),
(2, 'anna_stella', 'Enigmi matematici', '2024-04-26', '2024-05-06'),
(3, 'luca_nuvola', 'Viaggio nel passato: storia antica', '2024-04-27', '2024-05-07'),
(4, 'elena_aurora', 'Scopri il mondo: geografia globale', '2024-04-28', '2024-05-08'),
(5, 'giuseppe_magico', 'Quiz musicale - indovina l\'artista', '2024-04-29', '2024-05-09'),
(6, 'sara_luna', 'Avventure scientifiche', '2024-04-30', '2024-05-10'),
(7, 'giovanni_arcano', 'Letteratura senza confini', '2024-05-01', '2024-05-11'),
(8, 'marta_mistica', 'Sfide informatiche', '2024-05-02', '2024-05-12'),
(9, 'simona_incanto', 'Lingue del mondo', '2024-05-03', '2024-05-13'),
(10, 'luigi_fantasia', 'Esplorando la mente filosofica', '2024-05-04', '2024-05-14'),
(11, 'giorgio_mago', 'Quiz sulle opere cinematografiche di culto', '2024-05-05', '2024-05-15'),
(12, 'anna_stella', 'Misteri della matematica', '2024-05-06', '2024-05-16'),
(13, 'luca_nuvola', 'Grandi imperi del passato', '2024-05-07', '2024-05-17'),
(14, 'elena_aurora', 'Alla scoperta dei continenti', '2024-05-08', '2024-05-18'),
(15, 'giuseppe_magico', 'Storia della scienza', '2024-05-09', '2024-05-19'),
(16, 'sara_luna', 'Dipinti famosi', '2024-05-10', '2024-05-20'),
(17, 'giovanni_arcano', 'Capolavori della letteratura mondiale', '2024-05-11', '2024-05-21'),
(18, 'marta_mistica', 'Geologia della terra', '2024-05-12', '2024-05-22'),
(19, 'simona_incanto', 'Cultura dei videogame', '2024-05-13', '2024-05-23'),
(20, 'luigi_fantasia', 'Balletti più famosi', '2024-05-14', '2024-05-24'),
(21, 'giorgio_mago', 'Chimica: i grandi segreti', '2024-05-15', '2024-05-25'),
(22, 'anna_stella', 'Indovina l\'artista', '2024-05-16', '2024-05-26'),
(23, 'luca_nuvola', 'Quanto conosci gli animali di questo monodo?', '2024-05-17', '2024-05-27'),
(24, 'elena_aurora', 'Viaggiando con la gola', '2024-05-18', '2024-05-28'),
(25, 'giuseppe_magico', 'I dinosauri: che creature misteriose', '2024-05-19', '2024-05-29'),
(26, 'sara_luna', 'Storia dell\'arte: la conosci veramente?', '2024-05-20', '2024-05-30'),
(27, 'giovanni_arcano', 'Tutto sulla tecnologia di oggi', '2024-05-21', '2024-05-31'),
(28, 'marta_mistica', 'La moda nel mondo', '2024-05-22', '2024-06-01'),
(29, 'simona_incanto', 'Viaggio nell\'universo', '2024-05-23', '2024-06-02'),
(30, 'luigi_fantasia', 'Film Animati (Disney Pixar)', '2024-05-24', '2024-06-03'),
(31, 'giorgio_mago', 'Quiz sui personaggi del passato', '2024-05-25', '2024-06-04'),
(32, 'anna_stella', 'La nostra galassia', '2024-05-26', '2024-06-05'),
(33, 'luca_nuvola', 'Medicina!!', '2024-05-27', '2024-06-06'),
(35, 'giuseppe_magico', 'Le bestie più aggressive', '2024-05-29', '2024-06-08'),
(36, 'sara_luna', 'Quanto conosci i romanzi?', '2024-05-30', '2024-06-09'),
(37, 'giovanni_arcano', 'Che gran bella cosa la Marvel', '2024-05-31', '2024-06-10'),
(38, 'marta_mistica', 'Le metropoli del passato', '2024-06-01', '2024-06-11'),
(39, 'simona_incanto', 'I misteri dell\'universo', '2024-06-02', '2024-06-12'),
(40, 'luigi_fantasia', 'Geologia e le placche tettoniche', '2024-06-03', '2024-06-13'),
(41, 'giorgio_mago', 'Quiz sul grande popolo egizio', '2024-06-04', '2024-06-14'),
(42, 'anna_stella', 'La Musica: quella Bella', '2024-06-05', '2024-06-15'),
(43, 'luca_nuvola', 'Quzi teatrale', '2024-06-06', '2024-06-16'),
(44, 'elena_aurora', 'Viaggio nell\'universo', '2024-06-07', '2024-06-17'),
(45, 'giuseppe_magico', 'La storia politica italiana', '2024-06-08', '2024-06-18'),
(46, 'sara_luna', 'Serie TV fantastiche', '2024-06-09', '2024-06-19'),
(47, 'giovanni_arcano', 'Siamo fatti cosii!!', '2024-06-10', '2024-06-20'),
(48, 'marta_mistica', 'In viaggio tra le cucine tradizionali', '2024-06-11', '2024-06-21'),
(49, 'simona_incanto', 'Sei un vero Nerd??', '2024-06-12', '2024-06-22'),
(50, 'luigi_fantasia', 'Le credenze del passato', '2024-06-13', '2024-06-23'),
(51, 'giorgio_mago', 'Tutto sulla tecnologia', '2024-06-14', '2024-06-24'),
(52, 'anna_stella', 'Fisica: tutto quello che sai', '2024-06-15', '2024-06-25'),
(53, 'luca_nuvola', 'Quanto sei alla Moda?', '2024-06-16', '2024-06-26'),
(54, 'elena_aurora', 'Il nostro ( fantastico) mondo', '2024-06-17', '2024-06-27'),
(55, 'giuseppe_magico', 'Le fiabe e favole preferite', '2024-06-18', '2024-06-28'),
(56, 'sara_luna', 'Dipinti famosi del passato', '2024-06-19', '2024-06-29'),
(57, 'giovanni_arcano', 'I grandi imperi del passato', '2024-06-20', '2024-06-30'),
(58, 'marta_mistica', 'Tutto sulla gravita (fisica)', '2024-06-21', '2024-07-01'),
(59, 'simona_incanto', 'Film d\'animazione: quanti ne conosci?', '2024-06-22', '2024-07-02'),
(60, 'luigi_fantasia', 'Alla scoperta della lingue del mondo', '2024-06-23', '2024-07-03'),
(61, 'giorgio_mago', 'QUIZ sulla letteratura (tutta quanta!)', '2024-06-24', '2024-07-04'),
(62, 'anna_stella', 'Animali domestici: lo sapevi?', '2024-06-25', '2024-07-05'),
(63, 'luca_nuvola', 'I migliori film Italiani', '2024-06-26', '2024-07-06'),
(64, 'elena_aurora', 'Viaggi nel tempo: le olimpiadi', '2024-06-27', '2024-07-07'),
(65, 'giuseppe_magico', 'I grandi successi internazionali', '2024-06-28', '2024-07-08'),
(66, 'sara_luna', 'Mitologia norrena', '2024-06-29', '2024-07-09'),
(67, 'giovanni_arcano', 'La Fauna del Mondo ', '2024-06-30', '2024-07-10'),
(68, 'marta_mistica', 'I film più belli', '2024-07-01', '2024-07-11'),
(69, 'simona_incanto', 'Scienza, quanta ne sai?', '2024-07-02', '2024-07-12'),
(70, 'luigi_fantasia', 'Biologia!!! la conosci veramente?', '2024-07-03', '2024-07-13'),
(71, 'giorgio_mago', 'Serie TV, quante ne sai?', '2024-07-04', '2024-07-14'),
(72, 'anna_stella', 'Alcool quante ne sai?', '2024-07-05', '2024-07-15'),
(73, 'luca_nuvola', 'Quanto conosci l\'ambito psicologico', '2024-07-06', '2024-07-16'),
(74, 'elena_aurora', 'Arti marziali', '2024-07-07', '2024-07-17'),
(75, 'giuseppe_magico', 'Divinità dei popoli', '2024-07-08', '2024-07-18'),
(76, 'sara_luna', 'Quiz strumenti musicali (difficile)', '2024-07-09', '2024-07-19'),
(77, 'giovanni_arcano', 'Morfologia della Terra', '2024-07-10', '2024-07-20'),
(78, 'marta_mistica', 'Animali di tutto il mondo', '2024-07-11', '2024-07-21'),
(79, 'simona_incanto', 'Cibo italiano (il migliore)', '2024-07-12', '2024-07-22'),
(80, 'luigi_fantasia', 'Palestra, ne sei esperto?', '2024-07-13', '2024-07-23'),
(81, 'giorgio_mago', 'Rivoluzioni del passato: quante ne sai?', '2024-07-14', '2024-07-24'),
(82, 'anna_stella', 'Quiz Marvel', '2024-07-15', '2024-07-25'),
(83, 'luca_nuvola', 'Quiz sul cinema: quante ne sai?', '2024-07-16', '2024-07-26'),
(84, 'elena_aurora', 'Avanzamenti tecnologici degli ultimi decenni', '2024-07-17', '2024-07-27'),
(85, 'giuseppe_magico', 'Storia delle civiltà', '2024-07-18', '2024-07-28'),
(86, 'sara_luna', 'Alla scoperta degli alberi', '2024-07-19', '2024-07-29'),
(87, 'giovanni_arcano', 'Quiz musicale - indovina l\'artista', '2024-07-20', '2024-07-30'),
(88, 'marta_mistica', 'Quiz sui film Disney', '2024-07-21', '2024-07-31'),
(89, 'simona_incanto', 'Grandi invenzioni che hanno cambiato il mondo', '2024-07-22', '2024-08-01'),
(90, 'luigi_fantasia', 'Quiz sul corpo umano', '2024-07-23', '2024-08-02'),
(91, 'giorgio_mago', ' I grandi film dell\'orrore', '2024-07-24', '2024-08-03'),
(92, 'anna_stella', 'Lingue del mondo', '2024-07-25', '2024-08-04'),
(93, 'luca_nuvola', 'Storia dell\'arte', '2024-07-26', '2024-08-05'),
(94, 'elena_aurora', 'Mitologia greca', '2024-07-27', '2024-08-06'),
(95, 'giuseppe_magico', 'I giochi più belle di sempre', '2024-07-28', '2024-08-07'),
(96, 'sara_luna', 'Conosci le malattie?', '2024-07-29', '2024-08-08'),
(97, 'giovanni_arcano', 'Il mondo del teatro', '2024-07-30', '2024-08-09'),
(98, 'marta_mistica', 'Grandi imperi del passato', '2024-07-31', '2024-08-10'),
(99, 'simona_incanto', 'Quiz sulle opere cinematografiche di culto', '2024-08-01', '2024-08-11'),
(100, 'luigi_fantasia', 'La storia della fotografia', '2024-08-02', '2024-08-12'),
(101, 'elena_aurora', 'Questo costa?', '2024-05-09', '2024-05-31');

-- --------------------------------------------------------

--
-- Struttura della tabella `RISPOSTA`
--

CREATE TABLE `RISPOSTA` (
  `QUIZ` int NOT NULL,
  `DOMANDA` int NOT NULL,
  `NUMERO` int NOT NULL,
  `TESTO` text NOT NULL,
  `TIPO` tinyint(1) NOT NULL COMMENT 'se corretta è true, in caso contrario false',
  `PUNTEGGIO` int DEFAULT NULL
) ENGINE=MyISAM DEFAULT CHARSET=utf8mb4 COLLATE=utf8mb4_0900_ai_ci;

--
-- Dump dei dati per la tabella `RISPOSTA`
--

INSERT INTO `RISPOSTA` (`QUIZ`, `DOMANDA`, `NUMERO`, `TESTO`, `TIPO`, `PUNTEGGIO`) VALUES
(7, 1, 4, 'Honoré de Balzac', 0, NULL),
(7, 1, 3, 'Gustave Flaubert', 0, NULL),
(7, 1, 2, 'Victor Hugo', 0, NULL),
(7, 1, 1, 'Alexandre Dumas', 1, 3),
(6, 3, 4, 'Carbonio', 0, NULL),
(6, 3, 3, 'Elio', 0, NULL),
(6, 3, 2, 'Ossigeno', 0, NULL),
(6, 3, 1, 'Idrogeno', 1, 2),
(6, 2, 4, 'Galileo Galilei', 0, NULL),
(6, 2, 3, 'Stephen Hawking', 0, NULL),
(6, 2, 2, 'Isaac Newton', 0, NULL),
(6, 2, 1, 'Albert Einstein', 1, 3),
(6, 1, 4, 'Alan Shepard', 0, NULL),
(6, 1, 3, 'Yuri Gagarin', 0, NULL),
(6, 1, 2, 'Buzz Aldrin', 0, NULL),
(6, 1, 1, 'Neil Armstrong', 1, 4),
(5, 4, 4, 'David Bowie', 0, NULL),
(5, 4, 3, 'Prince', 0, NULL),
(5, 4, 2, 'Elvis Presley', 0, NULL),
(5, 4, 1, 'Michael Jackson', 1, 2),
(5, 3, 4, 'Queen', 0, NULL),
(5, 3, 3, 'Led Zeppelin', 0, NULL),
(5, 3, 2, 'The Beatles', 0, NULL),
(5, 3, 1, 'Pink Floyd', 1, 4),
(5, 2, 4, 'Beyoncé Destiny Knowles', 0, NULL),
(5, 2, 3, 'Beyoncé Sasha Fierce Knowles', 0, NULL),
(5, 2, 2, 'Beyoncé Jay-Z Knowles', 0, NULL),
(5, 2, 1, 'Beyoncé Giselle Knowles-Carter', 1, 2),
(5, 1, 4, 'Drake', 0, NULL),
(5, 1, 3, 'Shawn Mendes', 0, NULL),
(5, 1, 2, 'Justin Bieber', 0, NULL),
(5, 1, 1, 'Ed Sheeran', 1, 3),
(4, 4, 4, 'Canada', 0, NULL),
(4, 4, 3, 'Svezia', 0, NULL),
(4, 4, 2, 'Filippine', 0, NULL),
(4, 4, 1, 'Indonesia', 1, 1),
(4, 3, 4, 'Gange', 0, NULL),
(4, 3, 3, 'Amazzonia', 0, NULL),
(4, 3, 2, 'Mississippi', 0, NULL),
(4, 3, 1, 'Nilo', 1, 2),
(4, 2, 4, 'Europa', 0, NULL),
(4, 2, 3, 'America', 0, NULL),
(4, 2, 2, 'Asia', 0, NULL),
(4, 2, 1, 'Africa', 1, 4),
(4, 1, 4, 'Bangkok', 0, NULL),
(4, 1, 3, 'Seoul', 0, NULL),
(4, 1, 2, 'Pechino', 0, NULL),
(4, 1, 1, 'Tokyo', 1, 3),
(3, 4, 4, 'Sumeri', 0, NULL),
(3, 4, 3, 'Assiri', 1, 1),
(3, 4, 2, 'Babilonesi', 0, NULL),
(3, 4, 1, 'Etruschi', 0, NULL),
(3, 3, 4, '500 anni', 0, NULL),
(3, 3, 3, '200 anni', 1, 3),
(3, 3, 2, '50 anni', 0, NULL),
(3, 3, 1, '100 anni', 0, NULL),
(3, 2, 4, 'Egitto', 0, NULL),
(3, 2, 3, 'Francia', 0, NULL),
(3, 2, 2, 'Italia', 1, 4),
(3, 2, 1, 'Grecia', 0, NULL),
(3, 1, 4, 'Traiano', 0, NULL),
(3, 1, 3, 'Giulio Cesare', 0, NULL),
(3, 1, 2, 'Nerone', 0, NULL),
(3, 1, 1, 'Augusto', 1, 2),
(2, 3, 4, '42', 0, NULL),
(2, 3, 3, '64', 0, NULL),
(2, 3, 2, '49', 0, NULL),
(2, 3, 1, '56', 1, 1),
(2, 2, 4, '9', 1, 3),
(2, 2, 3, '10', 0, NULL),
(2, 2, 2, '11', 0, NULL),
(2, 2, 1, '12', 0, NULL),
(2, 1, 4, '6', 0, NULL),
(2, 1, 3, '5', 0, NULL),
(2, 1, 2, '4', 1, 2),
(2, 1, 1, '3', 0, NULL),
(1, 2, 4, 'Roger Moore', 0, NULL),
(1, 2, 3, 'Pierce Brosnan', 0, NULL),
(1, 2, 2, 'Sean Connery', 1, 3),
(1, 2, 1, 'Daniel Craig', 0, NULL),
(1, 1, 4, 'Quentin Tarantino', 0, NULL),
(1, 1, 3, 'Martin Scorsese', 0, NULL),
(1, 1, 2, 'Steven Spielberg', 0, NULL),
(1, 1, 1, 'Francis Ford Coppola', 1, 4),
(7, 2, 1, 'Amleto', 1, 4),
(7, 2, 2, 'Macbeth', 0, NULL),
(7, 2, 3, 'Otello', 0, NULL),
(7, 2, 4, 'Re Lear', 0, NULL),
(7, 3, 1, 'Gabriel García Márquez', 1, 2),
(7, 3, 2, 'Pablo Neruda', 0, NULL),
(7, 3, 3, 'Jorge Luis Borges', 0, NULL),
(7, 3, 4, 'Mario Vargas Llosa', 0, NULL),
(8, 1, 1, 'Una sequenza di istruzioni definite per risolvere un problema', 1, 4),
(8, 1, 2, 'Un linguaggio di programmazione', 0, NULL),
(8, 1, 3, 'Un software per l elaborazione testi', 0, NULL),
(8, 1, 4, 'Una memoria di archiviazione', 0, NULL),
(8, 2, 1, 'C', 1, 3),
(8, 2, 2, 'Java', 0, NULL),
(8, 2, 3, 'Python', 0, NULL),
(8, 2, 4, 'JavaScript', 0, NULL),
(8, 3, 1, 'Alan Turing', 1, 2),
(8, 3, 2, 'Bill Gates', 0, NULL),
(8, 3, 3, 'Tim Berners-Lee', 0, NULL),
(8, 3, 4, 'Charles Babbage', 0, NULL),
(9, 1, 1, 'Spagnolo', 0, NULL),
(9, 1, 2, 'Inglese', 0, NULL),
(9, 1, 3, 'Francese', 0, NULL),
(9, 1, 4, 'Spagnolo e Guaraní', 1, 3),
(9, 2, 1, 'Cinese Mandarino', 1, 2),
(9, 2, 2, 'Inglese', 0, NULL),
(9, 2, 3, 'Spagnolo', 0, NULL),
(9, 2, 4, 'Hindi', 0, NULL),
(9, 3, 1, 'Due', 0, NULL),
(9, 3, 2, 'Tre', 1, 4),
(9, 3, 3, 'Quattro', 0, NULL),
(9, 3, 4, 'Cinque', 0, NULL),
(10, 1, 1, 'Tales di Mileto', 1, 2),
(10, 1, 2, 'Platone', 0, NULL),
(10, 1, 3, 'Aristotele', 0, NULL),
(10, 1, 4, 'Socrate', 0, NULL),
(10, 2, 1, 'L etica è la disciplina filosofica che studia i principi e i valori morali che guidano il comportamento umano.', 1, 3),
(10, 2, 2, 'La metafisica', 0, NULL),
(10, 2, 3, 'La logica', 0, NULL),
(10, 2, 4, 'L estetica', 0, NULL),
(10, 3, 1, 'Teoria delle Forme o Idee', 1, 2),
(10, 3, 2, 'Teoria atomica', 0, NULL),
(10, 3, 3, 'Teoria della conoscenza', 0, NULL),
(10, 3, 4, 'Teoria del piacere', 0, NULL),
(11, 1, 1, 'Renée Zellweger', 1, 3),
(11, 1, 2, 'Scarlett Johansson', 0, NULL),
(11, 1, 3, 'Charlize Theron', 0, NULL),
(11, 1, 4, 'Laura Dern', 0, NULL),
(11, 2, 1, 'Wings', 1, 2),
(11, 2, 2, 'Il padrino', 0, NULL),
(11, 2, 3, 'Ben-Hur', 0, NULL),
(11, 2, 4, 'Casablanca', 0, NULL),
(11, 3, 1, 'Bong Joon-ho', 1, 3),
(11, 3, 2, 'Martin Scorsese', 0, NULL),
(11, 3, 3, 'Quentin Tarantino', 0, NULL),
(11, 3, 4, 'Christopher Nolan', 0, NULL),
(12, 1, 1, 'Il rapporto tra la circonferenza di un cerchio e il suo diametro', 1, 2),
(12, 1, 2, 'Il rapporto tra la circonferenza di un cerchio e il suo raggio', 0, NULL),
(12, 1, 3, 'Il rapporto tra la superficie di un cerchio e il suo raggio', 0, NULL),
(12, 1, 4, 'Il rapporto tra la superficie di un cerchio e il suo diametro', 0, NULL),
(12, 2, 1, 'La congettura di Goldbach afferma che ogni numero pari maggiore di 2 può essere espresso come somma di due numeri primi.', 1, 3),
(12, 2, 2, 'La congettura di Goldbach afferma che ogni numero pari maggiore di 3 può essere espresso come somma di due numeri primi.', 0, NULL),
(12, 2, 3, 'La congettura di Goldbach afferma che ogni numero primo maggiore di 2 può essere espresso come somma di due numeri pari.', 0, NULL),
(12, 2, 4, 'La congettura di Goldbach afferma che ogni numero primo può essere espresso come somma di due numeri pari.', 0, NULL),
(12, 3, 1, 'Il teorema fondamentale del calcolo stabilisce il legame tra integrazione e differenziazione ed è fondamentale nell analisi matematica.', 1, 4),
(12, 3, 2, 'Il teorema fondamentale del calcolo stabilisce il legame tra algebra e geometria ed è fondamentale nell analisi matematica.', 0, NULL),
(12, 3, 3, 'Il teorema fondamentale del calcolo stabilisce il legame tra algebra e trigonometria ed è fondamentale nell analisi matematica.', 0, NULL),
(12, 3, 4, 'Il teorema fondamentale del calcolo stabilisce il legame tra geometria e trigonometria ed è fondamentale nell analisi matematica.', 0, NULL),
(13, 1, 1, 'L Impero Mongolo', 1, 2),
(13, 1, 2, 'L Impero Romano', 0, NULL),
(13, 1, 3, 'L Impero Britannico', 0, NULL),
(13, 1, 4, 'L Impero Ottomano', 0, NULL),
(13, 2, 1, 'L Impero Ottomano', 1, 3),
(13, 2, 2, 'L Impero Persiano', 0, NULL),
(13, 2, 3, 'L Impero Romano', 0, NULL),
(13, 2, 4, 'L Impero Mongolo', 0, NULL),
(13, 3, 1, 'Roma', 1, 2),
(13, 3, 2, 'Costantinopoli', 0, NULL),
(13, 3, 3, 'Atene', 0, NULL),
(13, 3, 4, 'Cartagine', 0, NULL),
(14, 1, 1, 'Asia', 1, 3),
(14, 1, 2, 'Africa', 0, NULL),
(14, 1, 3, 'Europa', 0, NULL),
(14, 1, 4, 'America', 0, NULL),
(14, 2, 1, 'Australia', 1, 3),
(14, 2, 2, 'Europa', 0, NULL),
(14, 2, 3, 'Asia', 0, NULL),
(14, 2, 4, 'America', 0, NULL),
(14, 3, 1, 'Antartide', 1, 3),
(14, 3, 2, 'Sahara', 0, NULL),
(14, 3, 3, 'Kalahari', 0, NULL),
(14, 3, 4, 'Gobi', 0, NULL),
(15, 1, 1, 'Charles Darwin', 1, 2),
(15, 1, 2, 'Isaac Newton', 0, NULL),
(15, 1, 3, 'Albert Einstein', 0, NULL),
(15, 1, 4, 'Galileo Galilei', 0, NULL),
(15, 2, 1, 'Ampere', 1, 3),
(15, 2, 2, 'Watt', 0, NULL),
(15, 2, 3, 'Ohm', 0, NULL),
(15, 2, 4, 'Volt', 0, NULL),
(15, 3, 1, 'La teoria delle stringhe è un modello teorico in fisica che sostiene che gli elementi costituenti fondamentali della realtà non siano particelle puntiformi, ma stringhe estremamente piccole.', 1, 4),
(15, 3, 2, 'La teoria delle stringhe è un modello teorico in biologia che sostiene che il DNA sia composto da catene di stringhe.', 0, NULL),
(15, 3, 3, 'La teoria delle stringhe è un modello teorico in matematica che si occupa dello studio delle proprietà geometriche delle stringhe.', 0, NULL),
(15, 3, 4, 'La teoria delle stringhe è un modello teorico in informatica che si occupa della rappresentazione di stringhe di testo.', 0, NULL),
(16, 1, 1, 'Leonardo da Vinci', 1, 2),
(16, 1, 2, 'Raffaello Sanzio', 0, NULL),
(16, 1, 3, 'Michelangelo Buonarroti', 0, NULL),
(16, 1, 4, 'Caravaggio', 0, NULL),
(16, 2, 1, 'La Pietà', 1, 3),
(16, 2, 2, 'La Creazione di Adamo', 0, NULL),
(16, 2, 3, 'Il Giudizio Universale', 0, NULL),
(16, 2, 4, 'La Cappella Sistina', 0, NULL),
(16, 3, 1, 'Michelangelo Buonarroti', 1, 2),
(16, 3, 2, 'Donatello', 0, NULL),
(16, 3, 3, 'Bernini', 0, NULL),
(16, 3, 4, 'Raffaello Sanzio', 0, NULL),
(17, 1, 1, 'Aurora', 1, 3),
(17, 1, 2, 'Cenerentola', 0, NULL),
(17, 1, 3, 'Biancaneve', 0, NULL),
(17, 1, 4, 'Ariel', 0, NULL),
(17, 2, 1, 'Charles Perrault', 1, 3),
(17, 2, 2, 'Hans Christian Andersen', 0, NULL),
(17, 2, 3, 'I fratelli Grimm', 0, NULL),
(17, 2, 4, 'Carlo Collodi', 0, NULL),
(17, 3, 1, 'Topo', 1, 2),
(17, 3, 2, 'Gatto', 0, NULL),
(17, 3, 3, 'Cavallo', 0, NULL),
(17, 3, 4, 'Uccello', 0, NULL),
(18, 1, 1, 'Oceano Pacifico', 1, 3),
(18, 1, 2, 'Oceano Atlantico', 0, NULL),
(18, 1, 3, 'Oceano Indiano', 0, NULL),
(18, 1, 4, 'Oceano Artico', 0, NULL),
(18, 2, 1, 'Un vulcano è una struttura geologica che consiste in una frattura della crosta terrestre attraverso la quale magma, cenere vulcanica e gas fuoriescono.', 1, 3),
(18, 2, 2, 'Un vulcano è una grande montagna che si è formata con il raffreddamento della lava nel tempo.', 0, NULL),
(18, 2, 3, 'Un vulcano è un fiume di lava che scorre attraverso la crosta terrestre.', 0, NULL),
(18, 2, 4, 'Un vulcano è una grande depressione della crosta terrestre riempita d acqua.', 0, NULL),
(18, 3, 1, 'Leone', 1, 3),
(18, 3, 2, 'Tigre', 0, NULL),
(18, 3, 3, 'Ghepardo', 0, NULL),
(18, 3, 4, 'Leopardo', 0, NULL),
(19, 1, 1, 'Shigeru Miyamoto', 1, 3),
(19, 1, 2, 'Hideo Kojima', 0, NULL),
(19, 1, 3, 'Satoru Iwata', 0, NULL),
(19, 1, 4, 'Masahiro Sakurai', 0, NULL),
(19, 2, 1, 'Pong', 1, 3),
(19, 2, 2, 'Space Invaders', 0, NULL),
(19, 2, 3, 'Pac-Man', 0, NULL),
(19, 2, 4, 'Tetris', 0, NULL),
(19, 3, 1, '1984', 1, 3),
(19, 3, 2, '1985', 0, NULL),
(19, 3, 3, '1986', 0, NULL),
(19, 3, 4, '1987', 0, NULL),
(20, 1, 1, 'Pëtr Il ič Čajkovskij', 1, 3),
(20, 1, 2, 'Ludwig van Beethoven', 0, NULL),
(20, 1, 3, 'Wolfgang Amadeus Mozart', 0, NULL),
(20, 1, 4, 'Johann Sebastian Bach', 0, NULL),
(20, 2, 1, 'Periodo Barocco', 1, 3),
(20, 2, 2, 'Periodo Rinascimentale', 0, NULL),
(20, 2, 3, 'Periodo Classico', 0, NULL),
(20, 2, 4, 'Periodo Romantico', 0, NULL),
(20, 3, 1, 'Antonín Dvořák', 1, 2),
(20, 3, 2, 'Ludwig van Beethoven', 0, NULL),
(20, 3, 3, 'Wolfgang Amadeus Mozart', 0, NULL),
(20, 3, 4, 'Johann Sebastian Bach', 0, NULL),
(21, 1, 1, 'Idrogeno', 1, 3),
(21, 1, 2, 'Ossigeno', 0, NULL),
(21, 1, 3, 'Carbonio', 0, NULL),
(21, 1, 4, 'Azoto', 0, NULL),
(21, 2, 1, 'Una combinazione di due o più elementi chimici in proporzioni fisse', 1, 2),
(21, 2, 2, 'Un elemento chimico puro', 0, NULL),
(21, 2, 3, 'Un materiale di scarto', 0, NULL),
(21, 2, 4, 'Una sostanza tossica', 0, NULL),
(21, 3, 1, 'O', 1, 2),
(21, 3, 2, 'Os', 0, NULL),
(21, 3, 3, 'Ol', 0, NULL),
(21, 3, 4, 'Ox', 0, NULL),
(22, 1, 1, 'Michelangelo Buonarroti', 1, 3),
(22, 1, 2, 'Leonardo da Vinci', 0, NULL),
(22, 1, 3, 'Raffaello Sanzio', 0, NULL),
(22, 1, 4, 'Caravaggio', 0, NULL),
(22, 2, 1, 'Città del Vaticano', 1, 3),
(22, 2, 2, 'Roma', 0, NULL),
(22, 2, 3, 'Milano', 0, NULL),
(22, 2, 4, 'Firenze', 0, NULL),
(22, 3, 1, 'Sandro Botticelli', 1, 2),
(22, 3, 2, 'Leonardo da Vinci', 0, NULL),
(22, 3, 3, 'Raffaello Sanzio', 0, NULL),
(22, 3, 4, 'Michelangelo Buonarroti', 0, NULL),
(23, 1, 1, 'Ghepardo', 1, 3),
(23, 1, 2, 'Leopardo', 0, NULL),
(23, 1, 3, 'Falco pellegrino', 0, NULL),
(23, 1, 4, 'Squalo mako', 0, NULL),
(23, 2, 1, 'Balena', 1, 2),
(23, 2, 2, 'Squalo', 0, NULL),
(23, 2, 3, 'Polpo', 0, NULL),
(23, 2, 4, 'Orca', 0, NULL),
(23, 3, 1, 'Pipistrello', 1, 2),
(23, 3, 2, 'Scoiattolo volante', 0, NULL),
(23, 3, 3, 'Aquila', 0, NULL),
(23, 3, 4, 'Colibrì', 0, NULL),
(24, 1, 1, 'Riso', 1, 3),
(24, 1, 2, 'Pesce', 0, NULL),
(24, 1, 3, 'Carne', 0, NULL),
(24, 1, 4, 'Alghe', 0, NULL),
(24, 2, 1, 'Italia', 1, 3),
(24, 2, 2, 'Giappone', 0, NULL),
(24, 2, 3, 'Messico', 0, NULL),
(24, 2, 4, 'Stati Uniti', 0, NULL),
(24, 3, 1, 'Tortilla', 1, 2),
(24, 3, 2, 'Fajitas', 0, NULL),
(24, 3, 3, 'Quesadilla', 0, NULL),
(24, 3, 4, 'Enchiladas', 0, NULL),
(25, 1, 1, 'Argentinosaurus', 1, 3),
(25, 1, 2, 'Tyrannosaurus rex', 0, NULL),
(25, 1, 3, 'Brachiosaurus', 0, NULL),
(25, 1, 4, 'Spinosaurus', 0, NULL),
(25, 2, 1, 'Cretaceo', 1, 3),
(25, 2, 2, 'Jurassico', 0, NULL),
(25, 2, 3, 'Triassico', 0, NULL),
(25, 2, 4, 'Permiano', 0, NULL),
(25, 3, 1, 'Tyrannosaurus rex', 1, 2),
(25, 3, 2, 'Velociraptor', 0, NULL),
(25, 3, 3, 'Stegosaurus', 0, NULL),
(25, 3, 4, 'Brachiosaurus', 0, NULL),
(26, 1, 1, 'Vincent van Gogh', 1, 3),
(26, 1, 2, 'Leonardo da Vinci', 0, NULL),
(26, 1, 3, 'Pablo Picasso', 0, NULL),
(26, 1, 4, 'Claude Monet', 0, NULL),
(26, 2, 1, 'Pablo Diego José Francisco de Paula Juan Nepomuceno María de los Remedios Cipriano de la Santísima Trinidad Martyr Patricio Clito Ruíz y Picasso', 1, 2),
(26, 2, 2, 'Pablo Diego José Francisco de Paula Juan Nepomuceno María de los Remedios Cipriano de la Santísima Trinidad Ruiz y Picasso', 0, NULL),
(26, 2, 3, 'Pablo Diego José Francisco de Paula Juan Nepomuceno María de los Remedios Cipriano de la Santísima Trinidad Ruiz de Picasso', 0, NULL),
(26, 2, 4, 'Pablo Diego José Francisco de Paula Juan Nepomuceno María de los Remedios Cipriano de la Santísima Trinidad Ruiz', 0, NULL),
(26, 3, 1, 'Leonardo da Vinci', 1, 2),
(26, 3, 2, 'Raffaello Sanzio', 0, NULL),
(26, 3, 3, 'Sandro Botticelli', 0, NULL),
(26, 3, 4, 'Michelangelo Buonarroti', 0, NULL),
(27, 1, 1, 'Il campo di studio che si occupa di creare dispositivi che simulano l intelligenza umana', 0, NULL),
(27, 1, 2, 'Un intelligenza creata artificialmente', 0, NULL),
(27, 1, 3, 'Un intelligenza non umana esistente solo nelle opere d arte', 0, NULL),
(27, 1, 4, 'Un intelligenza non umana creata dall uomo', 1, 3),
(27, 2, 1, 'Eolica', 1, 2),
(27, 2, 2, 'Idrogeno', 0, NULL),
(27, 2, 3, 'Carbone', 0, NULL),
(27, 2, 4, 'Petrolio', 0, NULL),
(27, 3, 1, 'La connessione di dispositivi di uso quotidiano a Internet', 1, 2),
(27, 3, 2, 'Un servizio di Internet dedicato alle comunicazioni tra persone', 0, NULL),
(27, 3, 3, 'La navigazione in Internet tramite dispositivi portatili', 0, NULL),
(27, 3, 4, 'Una rete privata di Internet utilizzata dalle aziende', 0, NULL),
(28, 1, 1, 'Gabrielle Chanel', 1, 3),
(28, 1, 2, 'Christian Dior', 0, NULL),
(28, 1, 3, 'Giorgio Armani', 0, NULL),
(28, 1, 4, 'Ralph Lauren', 0, NULL),
(28, 2, 1, 'Kimono', 1, 2),
(28, 2, 2, 'Sari', 0, NULL),
(28, 2, 3, 'Hanbok', 0, NULL),
(28, 2, 4, 'Cheongsam', 0, NULL),
(28, 3, 1, 'Giorgio Armani', 1, 2),
(28, 3, 2, 'Valentino Garavani', 0, NULL),
(28, 3, 3, 'Gianni Versace', 0, NULL),
(28, 3, 4, 'Karl Lagerfeld', 0, NULL),
(29, 1, 1, 'Un enorme raccolta di stelle, gas e polveri legate insieme dalla gravità', 1, 3),
(29, 1, 2, 'Un piccolo gruppo di stelle', 0, NULL),
(29, 1, 3, 'Una galassia in miniatura', 0, NULL),
(29, 1, 4, 'Una costellazione', 0, NULL),
(29, 2, 1, 'Big Bang', 1, 2),
(29, 2, 2, 'Teoria della relatività', 0, NULL),
(29, 2, 3, 'Modello standard della fisica delle particelle', 0, NULL),
(29, 2, 4, 'Teoria dell evoluzione', 0, NULL),
(29, 3, 1, 'Giove', 1, 2),
(29, 3, 2, 'Saturno', 0, NULL),
(29, 3, 3, 'Urano', 0, NULL),
(29, 3, 4, 'Nettuno', 0, NULL),
(30, 1, 1, 'Nemo', 1, 3),
(30, 1, 2, 'Dory', 0, NULL),
(30, 1, 3, 'Marlin', 0, NULL),
(30, 1, 4, 'Bruce', 0, NULL),
(30, 2, 1, 'Pixar', 1, 2),
(30, 2, 2, 'DreamWorks Animation', 0, NULL),
(30, 2, 3, 'Walt Disney Animation Studios', 0, NULL),
(30, 2, 4, 'Blue Sky Studios', 0, NULL),
(30, 3, 1, 'Il re leone', 1, 2),
(30, 3, 2, 'Frozen - Il regno di ghiaccio', 0, NULL),
(30, 3, 3, 'Alla ricerca di Dory', 0, NULL),
(30, 3, 4, 'Toy Story 4', 0, NULL),
(31, 1, 1, 'George Washington', 1, 3),
(31, 1, 2, 'Thomas Jefferson', 0, NULL),
(31, 1, 3, 'John Adams', 0, NULL),
(31, 1, 4, 'Abraham Lincoln', 0, NULL),
(31, 2, 1, 'Sudafrica', 1, 2),
(31, 2, 2, 'Kenya', 0, NULL),
(31, 2, 3, 'Nigeria', 0, NULL),
(31, 2, 4, 'Egitto', 0, NULL),
(31, 3, 1, 'Winston Churchill', 1, 2),
(31, 3, 2, 'Neville Chamberlain', 0, NULL),
(31, 3, 3, 'Clement Attlee', 0, NULL),
(31, 3, 4, 'Stanley Baldwin', 0, NULL),
(32, 1, 1, 'Mercurio', 1, 3),
(32, 1, 2, 'Venere', 0, NULL),
(32, 1, 3, 'Terra', 0, NULL),
(32, 1, 4, 'Marte', 0, NULL),
(32, 2, 1, 'Saturno', 1, 2),
(32, 2, 2, 'Giove', 0, NULL),
(32, 2, 3, 'Urano', 0, NULL),
(32, 2, 4, 'Nettuno', 0, NULL),
(32, 3, 1, 'La Luna', 1, 2),
(32, 3, 2, 'Ganimede', 0, NULL),
(32, 3, 3, 'Titano', 0, NULL),
(32, 3, 4, 'Callisto', 0, NULL),
(33, 1, 1, 'Joseph Lister', 1, 3),
(33, 1, 2, 'Louis Pasteur', 0, NULL),
(33, 1, 3, 'Alexander Fleming', 0, NULL),
(33, 1, 4, 'Ignaz Semmelweis', 0, NULL),
(33, 2, 1, 'Jonas Salk', 1, 2),
(33, 2, 2, 'Albert Sabin', 0, NULL),
(33, 2, 3, 'Edward Jenner', 0, NULL),
(33, 2, 4, 'Louis Pasteur', 0, NULL),
(33, 3, 1, 'Alexander Fleming', 1, 2),
(33, 3, 2, 'Louis Pasteur', 0, NULL),
(33, 3, 3, 'Joseph Lister', 0, NULL),
(33, 3, 4, 'Robert Koch', 0, NULL),
(35, 1, 1, 'Balena blu', 1, 3),
(35, 1, 2, 'Squalo bianco', 0, NULL),
(35, 1, 3, 'Moby Dick', 0, NULL),
(35, 1, 4, 'Calamaro gigante', 0, NULL),
(35, 2, 1, 'Squalo bianco', 1, 2),
(35, 2, 2, 'Squalo tigre', 0, NULL),
(35, 2, 3, 'Squalo martello', 0, NULL),
(35, 2, 4, 'Squalo toro', 0, NULL),
(35, 3, 1, 'Oceano Pacifico', 1, 2),
(35, 3, 2, 'Oceano Atlantico', 0, NULL),
(35, 3, 3, 'Oceano Indiano', 0, NULL),
(35, 3, 4, 'Oceano Artico', 0, NULL),
(36, 1, 1, 'George Orwell', 1, 3),
(36, 1, 2, 'Aldous Huxley', 0, NULL),
(36, 1, 3, 'Ray Bradbury', 0, NULL),
(36, 1, 4, 'Philip K. Dick', 0, NULL),
(36, 2, 1, 'Santiago', 1, 2),
(36, 2, 2, 'Manuel', 0, NULL),
(36, 2, 3, 'Pablo', 0, NULL),
(36, 2, 4, 'Esteban', 0, NULL),
(36, 3, 1, 'XVIII secolo', 1, 2),
(36, 3, 2, 'XIX secolo', 0, NULL),
(36, 3, 3, 'XVII secolo', 0, NULL),
(36, 3, 4, 'XX secolo', 0, NULL),
(37, 1, 1, 'Robert Downey Jr.', 1, 3),
(37, 1, 2, 'Chris Evans', 0, NULL),
(37, 1, 3, 'Chris Hemsworth', 0, NULL),
(37, 1, 4, 'Mark Ruffalo', 0, NULL),
(37, 2, 1, 'Thor', 1, 2),
(37, 2, 2, 'Iron Man', 0, NULL),
(37, 2, 3, 'Hulk', 0, NULL),
(37, 2, 4, 'Captain America', 0, NULL),
(37, 3, 1, 'Iron Man', 1, 2),
(37, 3, 2, 'The Incredible Hulk', 0, NULL),
(37, 3, 3, 'Iron Man 2', 0, NULL),
(37, 3, 4, 'Thor', 0, NULL),
(38, 1, 1, 'Perù', 1, 3),
(38, 1, 2, 'Messico', 0, NULL),
(38, 1, 3, 'Bolivia', 0, NULL),
(38, 1, 4, 'Cile', 0, NULL),
(38, 2, 1, 'Roma', 1, 2),
(38, 2, 2, 'Atene', 0, NULL),
(38, 2, 3, 'Costantinopoli', 0, NULL),
(38, 2, 4, 'Cartagine', 0, NULL),
(38, 3, 1, 'Egitto', 1, 2),
(38, 3, 2, 'Grecia', 0, NULL),
(38, 3, 3, 'Turchia', 0, NULL),
(38, 3, 4, 'Iraq', 0, NULL),
(39, 1, 1, 'Una regione dello spazio in cui il campo gravitazionale è così intenso da impedire che qualsiasi forma di materia o radiazione possa fuggire', 1, 3),
(39, 1, 2, 'Una stella in via di formazione', 0, NULL),
(39, 1, 3, 'Una costellazione nel cielo notturno', 0, NULL),
(39, 1, 4, 'Una nebulosa di polveri e gas', 0, NULL),
(39, 2, 1, 'Teoria del Big Bang', 1, 2),
(39, 2, 2, 'Teoria del Multiverso', 0, NULL),
(39, 2, 3, 'Teoria della Terra Cava', 0, NULL),
(39, 2, 4, 'Teoria del Creazionismo', 0, NULL),
(39, 3, 1, 'Fusione nucleare', 1, 2),
(39, 3, 2, 'Decadimento radioattivo', 0, NULL),
(39, 3, 3, 'Fissione nucleare', 0, NULL),
(39, 3, 4, 'Combustione chimica', 0, NULL),
(40, 1, 1, 'Monte Everest', 1, 3),
(40, 1, 2, 'K2', 0, NULL),
(40, 1, 3, 'Kangchenjunga', 0, NULL),
(40, 1, 4, 'Lhotse', 0, NULL),
(40, 2, 1, 'Un vulcano che è attivo e potrebbe eruttare in futuro', 1, 2),
(40, 2, 2, 'Un vulcano che è stato attivo in passato ma ora è estinto', 0, NULL),
(40, 2, 3, 'Un vulcano che è attualmente inattivo ma potrebbe eruttare in futuro', 0, NULL),
(40, 2, 4, 'Un vulcano che è stato attivo per un breve periodo di tempo ma ora è estinto', 0, NULL),
(40, 3, 1, 'Cintura di Fuoco del Pacifico', 1, 2),
(40, 3, 2, 'Europa', 0, NULL),
(40, 3, 3, 'Sud-Est asiatico', 0, NULL),
(40, 3, 4, 'Africa Orientale', 0, NULL),
(41, 1, 1, 'Amon-Ra', 1, 3),
(41, 1, 2, 'Cleopatra', 0, NULL),
(41, 1, 3, 'Piramide di Cheope', 0, NULL),
(41, 1, 4, 'Osiride', 0, NULL),
(41, 2, 1, 'Nefertiti', 1, 2),
(41, 2, 2, 'Cleopatra', 0, NULL),
(41, 2, 3, 'Hatshepsut', 0, NULL),
(41, 2, 4, 'Nefertari', 0, NULL),
(41, 3, 1, 'Piramide di Cheope', 1, 2),
(41, 3, 2, 'Piramide di Chefren', 0, NULL),
(41, 3, 3, 'Piramide di Micerino', 0, NULL),
(41, 3, 4, 'Piramide di Djoser', 0, NULL),
(42, 1, 1, 'Mick Jagger', 1, 3),
(42, 1, 2, 'Please Please Me', 0, NULL),
(42, 1, 3, 'Rock and Roll', 0, NULL),
(42, 1, 4, 'Chuck Berry', 0, NULL),
(42, 2, 1, 'Rock and Roll', 1, 2),
(42, 2, 2, 'Abbey Road', 0, NULL),
(42, 2, 3, 'Rap', 0, NULL),
(42, 2, 4, 'Elvis Presley', 0, NULL),
(42, 3, 1, 'Rock and Roll', 1, 2),
(42, 3, 2, 'Blues', 0, NULL),
(42, 3, 3, 'Folk', 0, NULL),
(42, 3, 4, 'Country', 0, NULL),
(43, 1, 1, 'Amleto', 1, 3),
(43, 1, 2, 'Otello', 0, NULL),
(43, 1, 3, 'Macbeth', 0, NULL),
(43, 1, 4, 'Re Lear', 0, NULL),
(43, 2, 1, 'William Shakespeare', 1, 2),
(43, 2, 2, 'Charles Dickens', 0, NULL),
(43, 2, 3, 'Jane Austen', 0, NULL),
(43, 2, 4, 'Fyodor Dostoevsky', 0, NULL),
(43, 3, 1, 'Giuseppe Verdi', 1, 2),
(43, 3, 2, 'Giacomo Puccini', 0, NULL),
(43, 3, 3, 'Wolfgang Amadeus Mozart', 0, NULL),
(43, 3, 4, 'Richard Wagner', 0, NULL),
(44, 1, 1, 'Proxima Centauri', 1, 3),
(44, 1, 2, 'Venere', 0, NULL),
(44, 1, 3, 'Marte', 0, NULL),
(44, 1, 4, 'Sirio', 0, NULL),
(44, 2, 1, 'Venere', 1, 2),
(44, 2, 2, 'Mercurio', 0, NULL),
(44, 2, 3, 'Marte', 0, NULL),
(44, 2, 4, 'Giove', 0, NULL),
(44, 3, 1, 'Due', 1, 2),
(44, 3, 2, 'Tre', 0, NULL),
(44, 3, 3, 'Quattro', 0, NULL),
(44, 3, 4, 'Una', 0, NULL),
(45, 1, 1, 'Luigi Einaudi', 1, 3),
(45, 1, 2, 'Palmiro Togliatti', 0, NULL),
(45, 1, 3, 'Giuseppe Garibaldi', 0, NULL),
(45, 1, 4, 'Umberto II', 0, NULL),
(45, 2, 1, 'Antonio Gramsci', 1, 2),
(45, 2, 2, 'Enrico Berlinguer', 0, NULL),
(45, 2, 3, 'Giorgio Napolitano', 0, NULL),
(45, 2, 4, 'Palmiro Togliatti', 0, NULL),
(45, 3, 1, 'XIX secolo', 1, 2),
(45, 3, 2, 'XVIII secolo', 0, NULL),
(45, 3, 3, 'XX secolo', 0, NULL),
(45, 3, 4, 'XXI secolo', 0, NULL),
(46, 1, 1, 'Walter White', 1, 3),
(46, 1, 2, 'George R. R. Martin', 0, NULL),
(46, 1, 3, 'Vince Gilligan', 0, NULL),
(46, 1, 4, 'Bryan Cranston', 0, NULL),
(46, 2, 1, 'George R. R. Martin', 1, 2),
(46, 2, 2, 'J. R. R. Tolkien', 0, NULL),
(46, 2, 3, 'J. K. Rowling', 0, NULL),
(46, 2, 4, 'Stephen King', 0, NULL),
(46, 3, 1, 'New York', 1, 2),
(46, 3, 2, 'Los Angeles', 0, NULL),
(46, 3, 3, 'Chicago', 0, NULL),
(46, 3, 4, 'Seattle', 0, NULL),
(47, 1, 1, 'La pelle', 1, 3),
(47, 1, 2, 'Il cervello', 0, NULL),
(47, 1, 3, 'Il fegato', 0, NULL),
(47, 1, 4, 'Il cuore', 0, NULL),
(47, 2, 1, 'Pompare il sangue', 1, 2),
(47, 2, 2, 'Filtrare il sangue', 0, NULL),
(47, 2, 3, 'Secernere insulina', 0, NULL),
(47, 2, 4, 'Assorbire i nutrienti', 0, NULL),
(47, 3, 1, 'Lo studio dei geni', 1, 2),
(47, 3, 2, 'Lo studio del sistema nervoso', 0, NULL),
(47, 3, 3, 'Lo studio delle cellule', 0, NULL),
(47, 3, 4, 'Lo studio degli ecosistemi', 0, NULL),
(48, 1, 1, 'Sushi', 1, 3),
(48, 1, 2, 'Hamburger', 0, NULL),
(48, 1, 3, 'Pasta', 0, NULL),
(48, 1, 4, 'Curry', 0, NULL),
(48, 2, 1, 'Un piatto messicano', 1, 2),
(48, 2, 2, 'Un tipo di pesce', 0, NULL),
(48, 2, 3, 'Un tipo di dolce', 0, NULL),
(48, 2, 4, 'Una pietanza cinese', 0, NULL),
(48, 3, 1, 'Camembert', 1, 2),
(48, 3, 2, 'Gorgonzola', 0, NULL),
(48, 3, 3, 'Roquefort', 0, NULL),
(48, 3, 4, 'Parmigiano Reggiano', 0, NULL),
(49, 1, 1, 'Shigeru Miyamoto', 1, 3),
(49, 1, 2, 'Pong', 0, NULL),
(49, 1, 3, 'Super Mario Bros', 0, NULL),
(49, 1, 4, 'Space Invaders', 0, NULL),
(49, 2, 1, 'Pong', 1, 2),
(49, 2, 2, 'Space Invaders', 0, NULL),
(49, 2, 3, 'Pac-Man', 0, NULL),
(49, 2, 4, 'Super Mario Bros', 0, NULL),
(49, 3, 1, 'Minecraft', 1, 2),
(49, 3, 2, 'Grand Theft Auto V', 0, NULL),
(49, 3, 3, 'Tetris', 0, NULL),
(49, 3, 4, 'Wii Sports', 0, NULL),
(50, 1, 1, 'Zeus', 1, 3),
(50, 1, 2, 'Odino', 0, NULL),
(50, 1, 3, 'Poseidone', 0, NULL),
(50, 1, 4, 'Apollo', 0, NULL),
(50, 2, 1, 'Thor', 1, 2),
(50, 2, 2, 'Odino', 0, NULL),
(50, 2, 3, 'Loki', 0, NULL),
(50, 2, 4, 'Baldur', 0, NULL),
(50, 3, 1, 'Gufo', 1, 2),
(50, 3, 2, 'Corvo', 0, NULL),
(50, 3, 3, 'Serpe', 0, NULL),
(50, 3, 4, 'Gallo', 0, NULL),
(51, 1, 1, 'Un campo della scienza informatica', 1, 3),
(51, 1, 2, 'Una moneta virtuale', 0, NULL),
(51, 1, 3, 'Una teoria economica', 0, NULL),
(51, 1, 4, 'Un social network', 0, NULL),
(51, 2, 1, 'Una criptovaluta', 1, 2),
(51, 2, 2, 'Un programma antivirus', 0, NULL),
(51, 2, 3, 'Una piattaforma di social media', 0, NULL),
(51, 2, 4, 'Un browser web', 0, NULL),
(51, 3, 1, 'Sputnik 1', 1, 2),
(51, 3, 2, 'Explorer 1', 0, NULL),
(51, 3, 3, 'Vanguard 1', 0, NULL),
(51, 3, 4, 'Telstar 1', 0, NULL),
(52, 1, 1, 'Albert Einstein', 1, 3),
(52, 1, 2, 'Isaac Newton', 0, NULL),
(52, 1, 3, 'Galileo Galilei', 0, NULL),
(52, 1, 4, 'Stephen Hawking', 0, NULL),
(52, 2, 1, 'Lo studio della materia a livello subatomico', 1, 2),
(52, 2, 2, 'Lo studio dei corpi celesti e dei fenomeni che li riguardano', 0, NULL),
(52, 2, 3, 'Lo studio delle interazioni tra le particelle elementari', 0, NULL),
(52, 2, 4, 'Lo studio delle leggi della meccanica classica', 0, NULL),
(52, 3, 1, 'Legge di gravitazione universale', 1, 2),
(52, 3, 2, 'Legge di Ohm', 0, NULL),
(52, 3, 3, 'Legge di Coulomb', 0, NULL),
(52, 3, 4, 'Legge di Boyle-Mariotte', 0, NULL),
(53, 1, 1, 'Laura Biagiotti', 1, 3),
(53, 1, 2, 'Valentino', 0, NULL),
(53, 1, 3, 'Giorgio Armani', 0, NULL),
(53, 1, 4, 'Donatella Versace', 0, NULL),
(53, 2, 1, 'Chanel', 1, 2),
(53, 2, 2, 'Versace', 0, NULL),
(53, 2, 3, 'Prada', 0, NULL),
(53, 2, 4, 'Gucci', 0, NULL),
(53, 3, 1, 'Alessandro Michele', 1, 2),
(53, 3, 2, 'Riccardo Tisci', 0, NULL),
(53, 3, 3, 'Karl Lagerfeld', 0, NULL),
(53, 3, 4, 'Pierpaolo Piccioli', 0, NULL),
(54, 1, 1, 'Pettorale macchiato', 1, 3),
(54, 1, 2, 'Ghepardo', 0, NULL),
(54, 1, 3, 'Falco pellegrino', 0, NULL),
(54, 1, 4, 'Leopardo', 0, NULL),
(54, 2, 1, 'Un sistema biologico', 1, 2),
(54, 2, 2, 'Un ecosistema', 0, NULL),
(54, 2, 3, 'Un tipo di habitat', 0, NULL),
(54, 2, 4, 'Una specie animale', 0, NULL),
(54, 3, 1, 'Oceano Pacifico', 1, 2),
(54, 3, 2, 'Oceano Atlantico', 0, NULL),
(54, 3, 3, 'Oceano Indiano', 0, NULL),
(54, 3, 4, 'Oceano Antartico', 0, NULL),
(55, 1, 1, 'Cappuccetto Rosso', 1, 3),
(55, 1, 2, 'Hans Christian Andersen', 0, NULL),
(55, 1, 3, 'Grimm', 0, NULL),
(55, 1, 4, 'Charles Perrault', 0, NULL),
(55, 2, 1, 'Hans Christian Andersen', 1, 2),
(55, 2, 2, 'Charles Perrault', 0, NULL),
(55, 2, 3, 'Grimm', 0, NULL),
(55, 2, 4, 'J. M. Barrie', 0, NULL),
(55, 3, 1, 'Topo', 1, 2),
(55, 3, 2, 'Coniglio', 0, NULL),
(55, 3, 3, 'Gatto', 0, NULL),
(55, 3, 4, 'Fata', 0, NULL),
(56, 1, 1, 'Leonardo da Vinci', 1, 3),
(56, 1, 2, 'Rinascimento', 0, NULL),
(56, 1, 3, 'Picasso', 0, NULL),
(56, 1, 4, 'Rococò', 0, NULL),
(56, 2, 1, 'Rinascimento', 1, 2),
(56, 2, 2, 'Barocco', 0, NULL),
(56, 2, 3, 'Romanticismo', 0, NULL),
(56, 2, 4, 'Cubismo', 0, NULL),
(56, 3, 1, 'Salvador Dalì', 1, 2),
(56, 3, 2, 'René Magritte', 0, NULL),
(56, 3, 3, 'André Breton', 0, NULL),
(56, 3, 4, 'Pablo Picasso', 0, NULL),
(57, 1, 1, 'Impero Romano', 1, 3),
(57, 1, 2, 'Impero Persiano', 0, NULL),
(57, 1, 3, 'Impero Bizantino', 0, NULL),
(57, 1, 4, 'Impero Macedone', 0, NULL),
(57, 2, 1, 'Ciro il Grande', 1, 2),
(57, 2, 2, 'Dario il Grande', 0, NULL),
(57, 2, 3, 'Serse', 0, NULL),
(57, 2, 4, 'Artaserse', 0, NULL),
(57, 3, 1, 'Costantinopoli', 1, 2),
(57, 3, 2, 'Roma', 0, NULL),
(57, 3, 3, 'Antiochia', 0, NULL),
(57, 3, 4, 'Atene', 0, NULL),
(58, 1, 1, 'Galileo Galilei', 1, 3),
(58, 1, 2, 'Isaac Newton', 0, NULL),
(58, 1, 3, 'Albert Einstein', 0, NULL),
(58, 1, 4, 'Aristotele', 0, NULL),
(58, 2, 1, 'Yuri Gagarin', 1, 2),
(58, 2, 2, 'Neil Armstrong', 0, NULL),
(58, 2, 3, 'Buzz Aldrin', 0, NULL),
(58, 2, 4, 'John Glenn', 0, NULL),
(58, 3, 1, 'Isaac Newton', 1, 2),
(58, 3, 2, 'Galileo Galilei', 0, NULL),
(58, 3, 3, 'Johannes Kepler', 0, NULL),
(58, 3, 4, 'Albert Einstein', 0, NULL),
(59, 1, 1, 'Nemo', 1, 3),
(59, 1, 2, 'Biancaneve e i Sette Nani', 0, NULL),
(59, 1, 3, 'La Bella Addormentata nel Bosco', 0, NULL),
(59, 1, 4, 'Il Re Leone', 0, NULL),
(59, 2, 1, 'Biancaneve e i Sette Nani', 1, 2),
(59, 2, 2, 'Fantasia', 0, NULL),
(59, 2, 3, 'Cenerentola', 0, NULL),
(59, 2, 4, 'Dumbo', 0, NULL),
(59, 3, 1, 'Walt Disney', 1, 2),
(59, 3, 2, 'Ub Iwerks', 0, NULL),
(59, 3, 3, 'Walter Lantz', 0, NULL),
(59, 3, 4, 'Walter Elias Disney', 0, NULL),
(60, 1, 1, 'Cirillico', 1, 3),
(60, 1, 2, 'Portoghese', 0, NULL),
(60, 1, 3, 'Cinese', 0, NULL),
(60, 1, 4, 'Ebraico', 0, NULL),
(60, 2, 1, 'Portoghese', 1, 2),
(60, 2, 2, 'Inglese', 0, NULL),
(60, 2, 3, 'Francese', 0, NULL),
(60, 2, 4, 'Tedesco', 0, NULL),
(60, 3, 1, 'Giapponese', 1, 2),
(60, 3, 2, 'Spagnolo', 0, NULL),
(60, 3, 3, 'Tedesco', 0, NULL),
(60, 3, 4, 'Cinese', 0, NULL),
(61, 1, 1, 'Dante Alighieri', 1, 3),
(61, 1, 2, 'Giacomo Leopardi', 0, NULL),
(61, 1, 3, 'Omero', 0, NULL),
(61, 1, 4, 'Petrarca', 0, NULL),
(61, 2, 1, 'Giacomo Leopardi', 1, 2),
(61, 2, 2, 'Giosuè Carducci', 0, NULL),
(61, 2, 3, 'Dante Alighieri', 0, NULL),
(61, 2, 4, 'Ugo Foscolo', 0, NULL),
(61, 3, 1, 'Omero', 1, 3),
(61, 3, 2, 'Esiodo', 0, NULL),
(61, 3, 3, 'Saffo', 0, NULL),
(61, 3, 4, 'Euripide', 0, NULL),
(62, 1, 1, 'Chihuahua', 1, 3),
(62, 1, 2, 'Bulldog', 0, NULL),
(62, 1, 3, 'Carlino', 0, NULL),
(62, 1, 4, 'Bassotto', 0, NULL),
(62, 2, 1, 'Maine Coon', 1, 2),
(62, 2, 2, 'Sphynx', 0, NULL),
(62, 2, 3, 'Norvegese delle foreste', 0, NULL),
(62, 2, 4, 'Siberiano', 0, NULL),
(62, 3, 1, 'Carassio', 1, 2),
(62, 3, 2, 'Koi', 0, NULL),
(62, 3, 3, 'Oranda', 0, NULL),
(62, 3, 4, 'Ranchu', 0, NULL),
(63, 1, 1, 'Federico Fellini', 1, 3),
(63, 1, 2, 'Vittorio De Sica', 0, NULL),
(63, 1, 3, 'Roberto Benigni', 0, NULL),
(63, 1, 4, 'Pier Paolo Pasolini', 0, NULL),
(63, 2, 1, 'Guido', 1, 2),
(63, 2, 2, 'Giorgio', 0, NULL),
(63, 2, 3, 'Giovanni', 0, NULL),
(63, 2, 4, 'Giulio', 0, NULL),
(63, 3, 1, 'Marlon Brando', 1, 2),
(63, 3, 2, 'Al Pacino', 0, NULL),
(63, 3, 3, 'Robert De Niro', 0, NULL),
(63, 3, 4, 'James Caan', 0, NULL),
(64, 1, 1, 'Atene', 1, 3),
(64, 1, 2, 'Roma', 0, NULL),
(64, 1, 3, 'Londra', 0, NULL),
(64, 1, 4, 'Parigi', 0, NULL),
(64, 2, 1, 'Olympic Stadium', 1, 2),
(64, 2, 2, 'Panathenaic Stadium', 0, NULL),
(64, 2, 3, 'Karaiskakis Stadium', 0, NULL),
(64, 2, 4, 'Georgios Karaiskakis Stadium', 0, NULL),
(64, 3, 1, 'Cinque', 1, 2),
(64, 3, 2, 'Quattro', 0, NULL),
(64, 3, 3, 'Sei', 0, NULL),
(64, 3, 4, 'Sette', 0, NULL),
(65, 1, 1, 'Isaac Newton', 1, 3),
(65, 1, 2, 'Galileo Galilei', 0, NULL),
(65, 1, 3, 'Albert Einstein', 0, NULL),
(65, 1, 4, 'Johannes Kepler', 0, NULL),
(65, 2, 1, 'Antonie van Leeuwenhoek', 1, 2),
(65, 2, 2, 'Robert Hooke', 0, NULL),
(65, 2, 3, 'Zacharias Janssen', 0, NULL),
(65, 2, 4, 'Hans Lippershey', 0, NULL),
(65, 3, 1, '1928', 1, 2),
(65, 3, 2, '1935', 0, NULL),
(65, 3, 3, '1941', 0, NULL),
(65, 3, 4, '1948', 0, NULL),
(66, 1, 1, 'Thor', 1, 3),
(66, 1, 2, 'Odino', 0, NULL),
(66, 1, 3, 'Loki', 0, NULL),
(66, 1, 4, 'Baldur', 0, NULL),
(66, 2, 1, 'Orso', 1, 2),
(66, 2, 2, 'Renna', 0, NULL),
(66, 2, 3, 'Lupo', 0, NULL),
(66, 2, 4, 'Aquila', 0, NULL),
(66, 3, 1, 'Fafnir', 1, 2),
(66, 3, 2, 'Jörmungandr', 0, NULL),
(66, 3, 3, 'Níðhöggr', 0, NULL),
(66, 3, 4, 'Smaug', 0, NULL),
(67, 1, 1, 'Canguro', 1, 3),
(67, 1, 2, 'Koala', 0, NULL),
(67, 1, 3, 'Dingo', 0, NULL),
(67, 1, 4, 'Wombat', 0, NULL),
(67, 2, 1, 'Nelle regioni artiche dell Artide', 1, 2),
(67, 2, 2, 'Nelle regioni antartiche dell Antartide', 0, NULL),
(67, 2, 3, 'Nelle foreste pluviali dell Amazzonia', 0, NULL),
(67, 2, 4, 'Nelle regioni desertiche dell Africa', 0, NULL),
(67, 3, 1, 'Pipistrello', 1, 2),
(67, 3, 2, 'Ghiro', 0, NULL),
(67, 3, 3, 'Moscerino', 0, NULL),
(67, 3, 4, 'Cavalluccio marino', 0, NULL),
(68, 1, 1, 'J.R.R. Tolkien', 1, 3),
(68, 1, 2, 'J.K. Rowling', 0, NULL),
(68, 1, 3, 'George R.R. Martin', 0, NULL),
(68, 1, 4, 'C.S. Lewis', 0, NULL),
(68, 2, 1, 'Harry Potter', 1, 2),
(68, 2, 2, 'Ron Weasley', 0, NULL),
(68, 2, 3, 'Hermione Granger', 0, NULL),
(68, 2, 4, 'Albus Silente', 0, NULL),
(68, 3, 1, 'Westeros', 1, 2),
(68, 3, 2, 'Terra di Mezzo', 0, NULL),
(68, 3, 3, 'Narnia', 0, NULL),
(68, 3, 4, 'Hogwarts', 0, NULL),
(69, 1, 1, 'Forma di energia derivata dal nucleo di un atomo', 1, 3),
(69, 1, 2, 'Grado Celsius', 0, NULL),
(69, 1, 3, 'Neil Armstrong', 0, NULL),
(69, 2, 1, 'Kelvin', 1, 2),
(69, 2, 2, 'Watt', 0, NULL),
(69, 2, 3, 'Pascal', 0, NULL),
(69, 2, 4, 'Ampere', 0, NULL),
(69, 3, 1, 'Neil Armstrong', 1, 2),
(69, 3, 2, 'Buzz Aldrin', 0, NULL),
(69, 3, 3, 'Yuri Gagarin', 0, NULL),
(69, 3, 4, 'Alan Shepard', 0, NULL),
(70, 1, 1, 'Acido desossiribonucleico', 1, 3),
(70, 1, 2, 'Fegato', 0, NULL),
(70, 1, 3, 'Cuore', 0, NULL),
(70, 1, 4, 'Polmone', 0, NULL),
(70, 2, 1, 'Midollo osseo', 1, 2),
(70, 2, 2, 'Sangue', 0, NULL),
(70, 2, 3, 'Cervello', 0, NULL),
(70, 2, 4, 'Stomaco', 0, NULL),
(70, 3, 1, 'Fertilizzazione', 1, 2),
(70, 3, 2, 'Ovulazione', 0, NULL),
(70, 3, 3, 'Menarca', 0, NULL),
(70, 3, 4, 'Eiaculazione', 0, NULL),
(71, 1, 1, 'Ross Geller', 1, 3),
(71, 1, 2, 'Jason Priestley', 0, NULL),
(71, 1, 3, 'Famiglia Brady', 0, NULL),
(71, 1, 4, 'Joey Tribbiani', 0, NULL),
(71, 2, 1, 'Jason Priestley', 1, 2),
(71, 2, 2, 'Luke Perry', 0, NULL),
(71, 2, 3, 'Shannen Doherty', 0, NULL),
(71, 2, 4, 'Tori Spelling', 0, NULL),
(71, 3, 1, 'Tanner', 1, 2),
(71, 3, 2, 'Seaver', 0, NULL),
(71, 3, 3, 'Bundy', 0, NULL),
(71, 3, 4, 'Dunphy', 0, NULL),
(72, 1, 1, 'Martini', 1, 3),
(72, 1, 2, 'Negroni', 0, NULL),
(72, 1, 3, 'Margarita', 0, NULL),
(72, 1, 4, 'Mojito', 0, NULL),
(72, 2, 1, 'Orzo', 1, 2),
(72, 2, 2, 'Mais', 0, NULL),
(72, 2, 3, 'Frumento', 0, NULL),
(72, 2, 4, 'Riso', 0, NULL),
(72, 3, 1, 'Uva', 1, 2),
(72, 3, 2, 'Acqua', 0, NULL),
(72, 3, 3, 'Lievito', 0, NULL),
(72, 3, 4, 'Zucchero', 0, NULL),
(73, 1, 1, 'Lo studio della mente e del comportamento umano', 1, 3),
(73, 1, 2, 'Lo studio delle sindromi genetiche', 0, NULL),
(73, 1, 3, 'Lo studio della storia della psichiatria', 0, NULL),
(73, 1, 4, 'La terapia farmacologica delle malattie mentali', 0, NULL),
(73, 2, 1, 'Sindrome causata da stress estremo e legame emotivo con il proprio rapitore', 1, 2),
(73, 2, 2, 'Sindrome associata alla paura delle altezze', 0, NULL),
(73, 2, 3, 'Sindrome caratterizzata da dolore cronico e invalidante', 0, NULL),
(73, 2, 4, 'Sindrome causata dall esposizione a sostanze tossiche', 0, NULL),
(73, 3, 1, 'Sigmund Freud', 1, 3),
(73, 3, 2, 'Carl Jung', 0, NULL),
(73, 3, 3, 'Ivan Pavlov', 0, NULL),
(73, 3, 4, 'Albert Ellis', 0, NULL),
(74, 1, 1, 'Karate', 1, 2),
(74, 1, 2, 'Jiu-Jitsu', 0, NULL),
(74, 1, 3, 'Taekwondo', 0, NULL),
(74, 1, 4, 'Muay Thai', 0, NULL),
(74, 2, 1, 'Jigoro Kano', 1, 3),
(74, 2, 2, 'Gichin Funakoshi', 0, NULL),
(74, 2, 3, 'Morihei Ueshiba', 0, NULL),
(74, 2, 4, 'Bruce Lee', 0, NULL),
(74, 3, 1, 'Wing Chun', 1, 2),
(74, 3, 2, 'Jeet Kune Do', 0, NULL),
(74, 3, 3, 'Shaolinquan', 0, NULL),
(74, 3, 4, 'Capoeira', 0, NULL),
(75, 1, 1, 'Corano', 1, 3),
(75, 1, 2, 'Bibbia', 0, NULL),
(75, 1, 3, 'Vedas', 0, NULL),
(75, 1, 4, 'Talmud', 0, NULL),
(75, 2, 1, 'Siddhartha Gautama', 1, 2),
(75, 2, 2, 'Confucio', 0, NULL),
(75, 2, 3, 'Laozi', 0, NULL),
(75, 2, 4, 'Mahavira', 0, NULL),
(75, 3, 1, 'Zeus', 1, 2),
(75, 3, 2, 'Apollo', 0, NULL),
(75, 3, 3, 'Poseidone', 0, NULL),
(75, 3, 4, 'Athena', 0, NULL),
(76, 1, 1, 'Armonica a bocca', 1, 2),
(76, 1, 2, 'Flauto', 0, NULL),
(76, 1, 3, 'Ocarina', 0, NULL),
(76, 1, 4, 'Tromba', 0, NULL),
(76, 2, 1, 'Violino', 1, 2),
(76, 2, 2, 'Chitarra', 0, NULL),
(76, 2, 3, 'Pianoforte', 0, NULL),
(76, 2, 4, 'Violoncello', 0, NULL),
(76, 3, 1, 'Batteria', 1, 2),
(76, 3, 2, 'Pianoforte', 0, NULL),
(76, 3, 3, 'Chitarra', 0, NULL),
(76, 3, 4, 'Saxofono', 0, NULL),
(77, 1, 1, 'Rio delle Amazzoni', 1, 2),
(77, 1, 2, 'Nilo', 0, NULL),
(77, 1, 3, 'Mississippi', 0, NULL),
(77, 1, 4, 'Gange', 0, NULL),
(77, 2, 1, 'Ande', 1, 2),
(77, 2, 2, 'Himalaya', 0, NULL),
(77, 2, 3, 'Appalachi', 0, NULL),
(77, 2, 4, 'Alpi', 0, NULL),
(77, 3, 1, 'Sahara', 1, 2),
(77, 3, 2, 'Antartide', 0, NULL),
(77, 3, 3, 'Gobi', 0, NULL),
(77, 3, 4, 'Kalahari', 0, NULL),
(78, 1, 1, 'Elefante africano', 1, 3),
(78, 1, 2, 'Rinoceronte bianco', 0, NULL),
(78, 1, 3, 'Ippopotamo', 0, NULL),
(78, 1, 4, 'Orso polare', 0, NULL),
(78, 2, 1, 'Balena blu', 1, 2),
(78, 2, 2, 'Cachalot', 0, NULL),
(78, 2, 3, 'Megattera', 0, NULL),
(78, 2, 4, 'Squalo balena', 0, NULL),
(78, 3, 1, 'Fico d India', 1, 2),
(78, 3, 2, 'Baobab', 0, NULL),
(78, 3, 3, 'Acacia', 0, NULL),
(78, 3, 4, 'Eucalipto', 0, NULL),
(79, 1, 1, 'Spaghetti alla carbonara', 1, 3),
(79, 1, 2, 'Lasagne', 0, NULL),
(79, 1, 3, 'Penne all arrabbiata', 0, NULL),
(79, 1, 4, 'Tagliatelle al ragù', 0, NULL),
(79, 2, 1, 'Parmigiano Reggiano', 1, 2),
(79, 2, 2, 'Pecorino Romano', 0, NULL),
(79, 2, 3, 'Gorgonzola', 0, NULL),
(79, 2, 4, 'Mozzarella', 0, NULL),
(79, 3, 1, 'Tiramisù', 1, 2),
(79, 3, 2, 'Panna cotta', 0, NULL),
(79, 3, 3, 'Cannolo siciliano', 0, NULL),
(79, 3, 4, 'Zeppole', 0, NULL),
(80, 1, 1, 'Addominali', 1, 3),
(80, 1, 2, 'CrossFit', 0, NULL),
(80, 1, 3, 'Yoga', 0, NULL),
(80, 1, 4, 'Pilates', 0, NULL),
(80, 2, 1, 'Pratica di sollevamento pesi', 1, 2),
(80, 2, 2, 'Palestra', 0, NULL),
(80, 2, 3, 'Ginnastica artistica', 0, NULL),
(80, 2, 4, 'Body sculpture', 0, NULL),
(80, 3, 1, 'Tapis roulant', 1, 2),
(80, 3, 2, 'Bicicletta stazionaria', 0, NULL),
(80, 3, 3, 'Ellittica', 0, NULL),
(80, 3, 4, 'Step', 0, NULL),
(81, 1, 1, '14 luglio 1789', 1, 3),
(81, 1, 2, '7 novembre 1917', 0, NULL),
(81, 1, 3, '1 gennaio 1959', 0, NULL),
(81, 1, 4, '5 maggio 1821', 0, NULL),
(81, 2, 1, 'Vladimir Lenin', 1, 2),
(81, 2, 2, 'Lev Trotsky', 0, NULL),
(81, 2, 3, 'Nikita Chruščëv', 0, NULL),
(81, 2, 4, 'Josif Stalin', 0, NULL),
(81, 3, 1, 'Cuba', 1, 2),
(81, 3, 2, 'Messico', 0, NULL),
(81, 3, 3, 'Brasile', 0, NULL),
(81, 3, 4, 'Argentina', 0, NULL),
(82, 1, 1, 'Anthony Stark', 1, 3),
(82, 1, 2, 'Bruce Wayne', 0, NULL),
(82, 1, 3, 'Clark Kent', 0, NULL),
(82, 1, 4, 'Peter Parker', 0, NULL),
(82, 2, 1, 'Thor', 1, 2),
(82, 2, 2, 'Capitan America', 0, NULL),
(82, 2, 3, 'Loki', 0, NULL),
(82, 2, 4, 'Hulk', 0, NULL),
(82, 3, 1, 'Green Goblin', 1, 2),
(82, 3, 2, 'Venom', 0, NULL),
(82, 3, 3, 'Doctor Octopus', 0, NULL),
(82, 3, 4, 'The Lizard', 0, NULL),
(83, 1, 1, 'Il cantante di Jazz', 1, 3),
(83, 1, 2, 'Il mago di Oz', 0, NULL),
(83, 1, 3, 'Lo squalo', 0, NULL),
(83, 1, 4, 'Il padrino', 0, NULL),
(83, 2, 1, 'Steven Spielberg', 1, 2),
(83, 2, 2, 'Alfred Hitchcock', 0, NULL),
(83, 2, 3, 'Martin Scorsese', 0, NULL),
(83, 2, 4, 'Quentin Tarantino', 0, NULL),
(83, 3, 1, 'Rick Blaine', 1, 2),
(83, 3, 2, 'Sam Spade', 0, NULL),
(83, 3, 3, 'Philip Marlowe', 0, NULL),
(83, 3, 4, 'Dixon Steele', 0, NULL),
(84, 1, 1, 'Steve Wozniak', 1, 3),
(84, 1, 2, 'Paul Allen', 0, NULL),
(84, 1, 3, 'Bill Gates', 0, NULL),
(84, 1, 4, 'Larry Page', 0, NULL),
(84, 2, 1, 'Windows', 1, 2),
(84, 2, 2, 'Linux', 0, NULL),
(84, 2, 3, 'macOS', 0, NULL),
(84, 2, 4, 'Android', 0, NULL),
(84, 3, 1, 'Bill Gates', 1, 2),
(84, 3, 2, 'Steve Jobs', 0, NULL),
(84, 3, 3, 'Paul Allen', 0, NULL),
(84, 3, 4, 'Larry Page', 0, NULL),
(85, 1, 1, 'Roma', 1, 3),
(85, 1, 2, 'Atene', 0, NULL),
(85, 1, 3, 'Cartagine', 0, NULL),
(85, 1, 4, 'Costantinopoli', 0, NULL),
(85, 2, 1, 'Egizi', 1, 2),
(85, 2, 2, 'Sumero', 0, NULL),
(85, 2, 3, 'Mesopotamici', 0, NULL),
(85, 2, 4, 'Inca', 0, NULL),
(85, 3, 1, 'Asia', 1, 2),
(85, 3, 2, 'Africa', 0, NULL),
(85, 3, 3, 'Europa', 0, NULL),
(85, 3, 4, 'America', 0, NULL),
(86, 1, 1, 'Quercia', 1, 3),
(86, 1, 2, 'Sequoia', 0, NULL),
(86, 1, 3, 'Pino', 0, NULL),
(86, 1, 4, 'Betulla', 0, NULL),
(86, 2, 1, 'Sequoia', 1, 2),
(86, 2, 2, 'Pino', 0, NULL),
(86, 2, 3, 'Betulla', 0, NULL),
(86, 2, 4, 'Quercia', 0, NULL),
(86, 3, 1, 'Palma da datteri', 1, 2),
(86, 3, 2, 'Acero', 0, NULL),
(86, 3, 3, 'Pino', 0, NULL),
(86, 3, 4, 'Betulla', 0, NULL),
(87, 1, 1, 'Antonio Vivaldi', 1, 3),
(87, 1, 2, 'Giacomo Puccini', 0, NULL),
(87, 1, 3, 'Wolfgang Amadeus Mozart', 0, NULL),
(87, 1, 4, 'Ludwig van Beethoven', 0, NULL),
(87, 2, 1, 'La traviata', 1, 2),
(87, 2, 2, 'Rigoletto', 0, NULL),
(87, 2, 3, 'Aida', 0, NULL),
(87, 2, 4, 'Nabucco', 0, NULL),
(87, 3, 1, 'Giuseppe Verdi', 1, 2),
(87, 3, 2, 'Gioachino Rossini', 0, NULL),
(87, 3, 3, 'Gaetano Donizetti', 0, NULL),
(87, 3, 4, 'Pietro Mascagni', 0, NULL),
(88, 1, 1, 'Ariel', 1, 3),
(88, 1, 2, 'Flounder', 0, NULL),
(88, 1, 3, 'Sebastian', 0, NULL),
(88, 1, 4, 'Ursula', 0, NULL),
(88, 2, 1, 'Topo', 1, 2),
(88, 2, 2, 'Gatto', 0, NULL),
(88, 2, 3, 'Cavallo', 0, NULL),
(88, 2, 4, 'Cane', 0, NULL),
(88, 3, 1, 'Charles Perrault', 1, 2),
(88, 3, 2, 'Hans Christian Andersen', 0, NULL),
(88, 3, 3, 'Brothers Grimm', 0, NULL),
(88, 3, 4, 'Carlo Collodi', 0, NULL),
(89, 1, 1, 'Alexander Graham Bell', 1, 3),
(89, 1, 2, 'Thomas Edison', 0, NULL),
(89, 1, 3, 'Nikola Tesla', 0, NULL),
(89, 1, 4, 'Guglielmo Marconi', 0, NULL),
(89, 2, 1, 'Lampadina elettrica', 1, 2),
(89, 2, 2, 'Fonografo', 0, NULL),
(89, 2, 3, 'Telegrafo', 0, NULL),
(89, 2, 4, 'Batteria', 0, NULL),
(89, 3, 1, 'Wright Brothers', 1, 2),
(89, 3, 2, 'Santos Dumont', 0, NULL),
(89, 3, 3, 'Louis Blériot', 0, NULL),
(89, 3, 4, 'Amelia Earhart', 0, NULL),
(90, 1, 1, 'Pelle', 1, 3),
(90, 1, 2, 'Cuore', 0, NULL),
(90, 1, 3, 'Cervello', 0, NULL),
(90, 1, 4, 'Polmoni', 0, NULL),
(90, 2, 1, 'Midollo osseo', 1, 2),
(90, 2, 2, 'Milza', 0, NULL),
(90, 2, 3, 'Fegato', 0, NULL),
(90, 2, 4, 'Cervello', 0, NULL),
(90, 3, 1, 'Struttura del corpo', 1, 2),
(90, 3, 2, 'Sistema nervoso', 0, NULL),
(90, 3, 3, 'Sistema digerente', 0, NULL),
(90, 3, 4, 'Sistema circolatorio', 0, NULL),
(91, 1, 1, 'Michael Myers', 1, 3),
(91, 1, 2, 'Jason Voorhees', 0, NULL),
(91, 1, 3, 'Freddy Krueger', 0, NULL),
(91, 1, 4, 'Leatherface', 0, NULL),
(91, 2, 1, 'William Friedkin', 1, 2),
(91, 2, 2, 'Wes Craven', 0, NULL),
(91, 2, 3, 'George A. Romero', 0, NULL),
(91, 2, 4, 'Tobe Hooper', 0, NULL),
(91, 3, 1, 'Bates Motel', 1, 2),
(91, 3, 2, 'Overlook Hotel', 0, NULL),
(91, 3, 3, 'Hotel Cortez', 0, NULL),
(91, 3, 4, 'Hotel Transylvania', 0, NULL),
(92, 1, 1, 'Cinese', 1, 3),
(92, 1, 2, 'Giapponese', 0, NULL),
(92, 1, 3, 'Tedesco', 0, NULL),
(92, 1, 4, 'Coreano', 0, NULL),
(92, 2, 1, 'Cinese', 1, 2),
(92, 2, 2, 'Spagnolo', 0, NULL),
(92, 2, 3, 'Inglese', 0, NULL),
(92, 2, 4, 'Hindi', 0, NULL),
(92, 3, 1, 'Spagnolo', 1, 2),
(92, 3, 2, 'Portoghese', 0, NULL),
(92, 3, 3, 'Francese', 0, NULL),
(92, 3, 4, 'Inglese', 0, NULL),
(93, 1, 1, 'Pablo Picasso', 1, 3),
(93, 1, 2, 'Salvador Dalì', 0, NULL),
(93, 1, 3, 'Vincent van Gogh', 0, NULL),
(93, 1, 4, 'Henri Matisse', 0, NULL),
(93, 2, 1, 'Rinascimento', 1, 2),
(93, 2, 2, 'Barocco', 0, NULL),
(93, 2, 3, 'Impressionismo', 0, NULL),
(93, 2, 4, 'Cubismo', 0, NULL),
(93, 3, 1, 'Andy Warhol', 1, 2),
(93, 3, 2, 'Jackson Pollock', 0, NULL),
(93, 3, 3, 'Claude Monet', 0, NULL),
(93, 3, 4, 'Piet Mondrian', 0, NULL),
(94, 1, 1, 'Poseidone', 1, 3),
(94, 1, 2, 'Zeus', 0, NULL),
(94, 1, 3, 'Apollo', 0, NULL),
(94, 1, 4, 'Ermes', 0, NULL),
(94, 2, 1, 'Apollo', 1, 2),
(94, 2, 2, 'Ares', 0, NULL),
(94, 2, 3, 'Dioniso', 0, NULL),
(94, 2, 4, 'Ercole', 0, NULL),
(94, 3, 1, 'Monte Olimpo', 1, 2),
(94, 3, 2, 'Atlantide', 0, NULL),
(94, 3, 3, 'Elisio', 0, NULL),
(94, 3, 4, 'Tartaro', 0, NULL),
(95, 1, 1, 'Monopoly', 1, 3),
(95, 1, 2, 'Cluedo', 0, NULL),
(95, 1, 3, 'Scacchi', 0, NULL),
(95, 1, 4, 'Risiko', 0, NULL),
(95, 2, 1, 'Cluedo', 1, 2),
(95, 2, 2, 'Monopoly', 0, NULL),
(95, 2, 3, 'Risiko', 0, NULL),
(95, 2, 4, 'Scacchi', 0, NULL),
(95, 3, 1, 'Campo minato', 1, 2),
(95, 3, 2, 'Trivial Pursuit', 0, NULL),
(95, 3, 3, 'Scarabeo', 0, NULL),
(95, 3, 4, 'Scacchi', 0, NULL),
(96, 1, 1, 'Disturbo dell umore', 1, 3),
(96, 1, 2, 'Disturbo del movimento', 0, NULL),
(96, 1, 3, 'Disturbo del sonno', 0, NULL),
(96, 1, 4, 'Disturbo dell alimentazione', 0, NULL),
(96, 2, 1, 'Disturbo neurologico', 1, 2),
(96, 2, 2, 'Disturbo dell umore', 0, NULL),
(96, 2, 3, 'Disturbo d ansia', 0, NULL),
(96, 2, 4, 'Disturbo della personalità', 0, NULL),
(96, 3, 1, 'Disturbo d ansia', 1, 2),
(96, 3, 2, 'Disturbo ossessivo-compulsivo', 0, NULL),
(96, 3, 3, 'Disturbo dell umore', 0, NULL),
(96, 3, 4, 'Disturbo dissociativo', 0, NULL),
(97, 1, 1, 'Lo schiaccianoci', 1, 3),
(97, 1, 2, 'Il lago dei cigni', 0, NULL),
(97, 1, 3, 'Il cigno nero', 0, NULL),
(97, 1, 4, 'Il lago dei cigni', 0, NULL),
(97, 2, 1, 'Mikhail Baryshnikov', 1, 2),
(97, 2, 2, 'Vaslav Nijinsky', 0, NULL),
(97, 2, 3, 'Rudolf Nureyev', 0, NULL),
(97, 2, 4, 'Maurice Béjart', 0, NULL),
(97, 3, 1, 'Tango', 1, 2),
(97, 3, 2, 'Salsa', 0, NULL),
(97, 3, 3, 'Flamenco', 0, NULL),
(97, 3, 4, 'Bachata', 0, NULL),
(98, 1, 1, 'Gengis Khan', 1, 3),
(98, 1, 2, 'Attila', 0, NULL),
(98, 1, 3, 'Tamerlano', 0, NULL),
(98, 1, 4, 'Kublai Khan', 0, NULL),
(98, 2, 1, 'Costantinopoli', 1, 2),
(98, 2, 2, 'Roma', 0, NULL),
(98, 2, 3, 'Alessandria', 0, NULL),
(98, 2, 4, 'Bisanzio', 0, NULL),
(98, 3, 1, 'Alessandro Magno', 1, 2),
(98, 3, 2, 'Giulio Cesare', 0, NULL),
(98, 3, 3, 'Augusto', 0, NULL),
(98, 3, 4, 'Nerone', 0, NULL),
(99, 1, 1, 'Fëdor Dostoevskij', 1, 3),
(99, 1, 2, 'Lev Tolstoj', 0, NULL),
(99, 1, 3, 'Ivan Turgenev', 0, NULL),
(99, 1, 4, 'Aleksandr Puškin', 0, NULL),
(99, 2, 1, 'Guerra e pace', 1, 2),
(99, 2, 2, 'Anna Karenina', 0, NULL),
(99, 2, 3, 'La morte di Ivan Il ič', 0, NULL),
(99, 2, 4, 'Resurrezione', 0, NULL),
(99, 3, 1, 'Taras Ševčenko', 1, 2),
(99, 3, 2, 'Aleksandr Puškin', 0, NULL),
(99, 3, 3, 'Mihai Eminescu', 0, NULL),
(99, 3, 4, 'Nikolaj Nekrasov', 0, NULL),
(100, 1, 1, 'Joseph Nicéphore Niépce', 1, 3),
(100, 1, 2, 'Louis Daguerre', 0, NULL),
(100, 1, 3, 'William Henry Fox Talbot', 0, NULL),
(100, 1, 4, 'George Eastman', 0, NULL),
(100, 2, 1, 'Dagherrotipia', 1, 2),
(100, 2, 2, 'Fotografia a colori', 0, NULL),
(100, 2, 3, 'Fotografia digitale', 0, NULL),
(100, 2, 4, 'Fotografia subacquea', 0, NULL),
(100, 3, 1, 'Alfred Eisenstaedt', 1, 2),
(100, 3, 2, 'Ansel Adams', 0, NULL),
(100, 3, 3, 'Dorothea Lange', 0, NULL),
(100, 3, 4, 'Steve McCurry', 0, NULL);

-- --------------------------------------------------------

--
-- Struttura della tabella `RISPOSTA_UTENTE_QUIZ`
--

CREATE TABLE `RISPOSTA_UTENTE_QUIZ` (
  `PARTECIPAZIONE` int NOT NULL,
  `QUIZ` int NOT NULL,
  `DOMANDA` int NOT NULL,
  `RISPOSTA` int NOT NULL
) ENGINE=MyISAM DEFAULT CHARSET=utf8mb4 COLLATE=utf8mb4_0900_ai_ci;

--
-- Dump dei dati per la tabella `RISPOSTA_UTENTE_QUIZ`
--

INSERT INTO `RISPOSTA_UTENTE_QUIZ` (`PARTECIPAZIONE`, `QUIZ`, `DOMANDA`, `RISPOSTA`) VALUES
(2, 8, 1, 3),
(2, 8, 2, 4),
(2, 8, 3, 1),
(3, 8, 1, 4),
(3, 8, 2, 1),
(3, 8, 3, 2),
(4, 8, 1, 1),
(4, 8, 2, 2),
(4, 8, 3, 3),
(5, 9, 1, 2),
(5, 9, 2, 3),
(5, 9, 3, 4),
(6, 9, 1, 3),
(6, 9, 2, 4),
(6, 9, 3, 1),
(7, 9, 1, 4),
(7, 9, 2, 1),
(7, 9, 3, 2),
(8, 9, 1, 1),
(8, 9, 2, 2),
(8, 9, 3, 3),
(9, 10, 1, 2),
(9, 10, 2, 3),
(9, 10, 3, 4),
(10, 10, 1, 3),
(10, 10, 2, 4),
(10, 10, 3, 1),
(11, 10, 1, 4),
(11, 10, 2, 1),
(11, 10, 3, 2),
(12, 10, 1, 1),
(12, 10, 2, 2),
(12, 10, 3, 3),
(13, 11, 1, 1),
(13, 11, 2, 2),
(13, 11, 3, 3),
(14, 11, 1, 4),
(14, 11, 2, 1),
(14, 11, 3, 2),
(15, 11, 1, 3),
(15, 11, 2, 4),
(15, 11, 3, 1),
(16, 11, 1, 2),
(16, 11, 2, 3),
(16, 11, 3, 4),
(17, 12, 1, 1),
(17, 12, 2, 2),
(17, 12, 3, 3),
(18, 12, 1, 4),
(18, 12, 2, 1),
(18, 12, 3, 2),
(19, 12, 1, 3),
(19, 12, 2, 4),
(19, 12, 3, 1),
(20, 12, 1, 2),
(20, 12, 2, 3),
(20, 12, 3, 4),
(21, 13, 1, 1),
(21, 13, 2, 2),
(21, 13, 3, 3),
(22, 13, 1, 4),
(22, 13, 2, 1),
(22, 13, 3, 2),
(23, 13, 1, 3),
(23, 13, 2, 4),
(23, 13, 3, 1),
(24, 13, 1, 2),
(24, 13, 2, 3),
(24, 13, 3, 4),
(25, 14, 1, 1),
(25, 14, 2, 2),
(25, 14, 3, 3),
(26, 14, 1, 4),
(26, 14, 2, 1),
(26, 14, 3, 2),
(27, 14, 1, 3),
(27, 14, 2, 4),
(27, 14, 3, 1),
(28, 14, 1, 2),
(28, 14, 2, 3),
(28, 14, 3, 4),
(29, 15, 1, 1),
(29, 15, 2, 2),
(29, 15, 3, 3),
(30, 15, 1, 4),
(30, 15, 2, 1),
(30, 15, 3, 2),
(31, 15, 1, 3),
(31, 15, 2, 4),
(31, 15, 3, 1),
(32, 15, 1, 2),
(32, 15, 2, 3),
(32, 15, 3, 4),
(33, 16, 1, 1),
(33, 16, 2, 2),
(33, 16, 3, 3),
(34, 16, 1, 4),
(34, 16, 2, 1),
(34, 16, 3, 2),
(35, 16, 1, 3),
(35, 16, 2, 4),
(35, 16, 3, 1),
(36, 16, 1, 2),
(36, 16, 2, 3),
(36, 16, 3, 4),
(37, 17, 1, 1),
(37, 17, 2, 2),
(37, 17, 3, 3),
(38, 17, 1, 4),
(38, 17, 2, 1),
(38, 17, 3, 2),
(39, 17, 1, 3),
(39, 17, 2, 4),
(39, 17, 3, 1),
(40, 17, 1, 2),
(40, 17, 2, 3),
(40, 17, 3, 4),
(41, 18, 1, 1),
(41, 18, 2, 2),
(41, 18, 3, 3),
(42, 18, 1, 4),
(42, 18, 2, 1),
(42, 18, 3, 2),
(43, 18, 1, 3),
(43, 18, 2, 4),
(43, 18, 3, 1),
(44, 18, 1, 2),
(44, 18, 2, 3),
(44, 18, 3, 4),
(45, 19, 1, 1),
(45, 19, 2, 2),
(45, 19, 3, 3),
(46, 19, 1, 4),
(46, 19, 2, 1),
(46, 19, 3, 2),
(47, 19, 1, 3),
(47, 19, 2, 4),
(47, 19, 3, 1),
(48, 19, 1, 1),
(48, 19, 2, 2),
(48, 19, 3, 3),
(49, 20, 1, 4),
(49, 20, 2, 1),
(49, 20, 3, 2),
(50, 20, 1, 3),
(50, 20, 2, 4),
(50, 20, 3, 1),
(51, 20, 1, 2),
(51, 20, 2, 3),
(51, 20, 3, 4),
(52, 20, 1, 1),
(52, 20, 2, 2),
(52, 20, 3, 3),
(53, 21, 1, 4),
(53, 21, 2, 1),
(53, 21, 3, 2),
(54, 21, 1, 3),
(54, 21, 2, 4),
(54, 21, 3, 1),
(55, 21, 1, 2),
(55, 21, 2, 3),
(55, 21, 3, 4),
(56, 21, 1, 1),
(56, 21, 2, 2),
(56, 21, 3, 3),
(57, 22, 1, 4),
(57, 22, 2, 1),
(57, 22, 3, 2),
(58, 22, 1, 3),
(58, 22, 2, 4),
(58, 22, 3, 1),
(59, 22, 1, 2),
(59, 22, 2, 3),
(59, 22, 3, 4),
(60, 22, 1, 1),
(60, 22, 2, 2),
(60, 22, 3, 3),
(61, 23, 1, 4),
(61, 23, 2, 1),
(61, 23, 3, 2),
(62, 23, 1, 3),
(62, 23, 2, 4),
(62, 23, 3, 1),
(63, 23, 1, 2),
(63, 23, 2, 3),
(63, 23, 3, 4),
(64, 23, 1, 1),
(64, 23, 2, 2),
(64, 23, 3, 3),
(65, 24, 1, 4),
(65, 24, 2, 1),
(65, 24, 3, 2),
(66, 24, 1, 3),
(66, 24, 2, 4),
(66, 24, 3, 1),
(67, 24, 1, 2),
(67, 24, 2, 3),
(67, 24, 3, 4),
(68, 24, 1, 1),
(68, 24, 2, 2),
(68, 24, 3, 3),
(69, 25, 1, 4),
(69, 25, 2, 1),
(69, 25, 3, 2),
(70, 25, 1, 3),
(70, 25, 2, 4),
(70, 25, 3, 1),
(71, 25, 1, 2),
(71, 25, 2, 3),
(71, 25, 3, 4),
(72, 25, 1, 1),
(72, 25, 2, 2),
(72, 25, 3, 3),
(73, 26, 1, 4),
(73, 26, 2, 1),
(73, 26, 3, 2),
(74, 26, 1, 3),
(74, 26, 2, 4),
(74, 26, 3, 1),
(75, 26, 1, 2),
(75, 26, 2, 3),
(75, 26, 3, 4),
(76, 26, 1, 1),
(76, 26, 2, 2),
(76, 26, 3, 3),
(77, 27, 1, 4),
(77, 27, 2, 1),
(77, 27, 3, 2),
(78, 27, 1, 3),
(78, 27, 2, 4),
(78, 27, 3, 1),
(79, 27, 1, 2),
(79, 27, 2, 3),
(79, 27, 3, 4),
(80, 27, 1, 1),
(80, 27, 2, 2),
(80, 27, 3, 3),
(81, 28, 1, 4),
(81, 28, 2, 1),
(81, 28, 3, 2),
(82, 28, 1, 3),
(82, 28, 2, 4),
(82, 28, 3, 1),
(83, 28, 1, 2),
(83, 28, 2, 3),
(83, 28, 3, 4),
(84, 28, 1, 1),
(84, 28, 2, 2),
(84, 28, 3, 3),
(85, 29, 1, 4),
(85, 29, 2, 1),
(85, 29, 3, 2),
(86, 29, 1, 3),
(86, 29, 2, 4),
(86, 29, 3, 1),
(87, 29, 1, 2),
(87, 29, 2, 3),
(87, 29, 3, 4),
(88, 29, 1, 1),
(88, 29, 2, 2),
(88, 29, 3, 3),
(89, 30, 1, 4),
(89, 30, 2, 1),
(89, 30, 3, 2),
(90, 30, 1, 3),
(90, 30, 2, 4),
(90, 30, 3, 1),
(91, 30, 1, 2),
(91, 30, 2, 3),
(91, 30, 3, 4),
(92, 30, 1, 1),
(92, 30, 2, 2),
(92, 30, 3, 3),
(93, 31, 1, 4),
(93, 31, 2, 1),
(93, 31, 3, 2),
(94, 31, 1, 3),
(94, 31, 2, 4),
(94, 31, 3, 1),
(95, 31, 1, 2),
(95, 31, 2, 3),
(95, 31, 3, 4),
(96, 31, 1, 1),
(96, 31, 2, 2),
(96, 31, 3, 3),
(97, 32, 1, 4),
(97, 32, 2, 1),
(97, 32, 3, 2),
(98, 32, 1, 3),
(98, 32, 2, 4),
(98, 32, 3, 1),
(99, 32, 1, 2),
(99, 32, 2, 3),
(99, 32, 3, 4),
(100, 32, 1, 1),
(100, 32, 2, 2),
(100, 32, 3, 3),
(101, 33, 1, 4),
(101, 33, 2, 1),
(101, 33, 3, 2),
(102, 33, 1, 3),
(102, 33, 2, 4),
(102, 33, 3, 1),
(103, 33, 1, 2),
(103, 33, 2, 3),
(103, 33, 3, 4),
(104, 33, 1, 1),
(104, 33, 2, 2),
(104, 33, 3, 3),
(109, 35, 1, 4),
(109, 35, 2, 1),
(109, 35, 3, 2),
(110, 35, 1, 3),
(110, 35, 2, 4),
(110, 35, 3, 1),
(111, 35, 1, 2),
(111, 35, 2, 3),
(111, 35, 3, 4),
(112, 35, 1, 1),
(112, 35, 2, 2),
(112, 35, 3, 3),
(113, 36, 1, 4),
(113, 36, 2, 1),
(113, 36, 3, 2),
(114, 36, 1, 3),
(114, 36, 2, 4),
(114, 36, 3, 1),
(115, 36, 1, 2),
(115, 36, 2, 3),
(115, 36, 3, 4),
(116, 36, 1, 1),
(116, 36, 2, 2),
(116, 36, 3, 3),
(117, 37, 1, 4),
(117, 37, 2, 1),
(117, 37, 3, 2),
(118, 37, 1, 3),
(118, 37, 2, 4),
(118, 37, 3, 1),
(119, 37, 1, 2),
(119, 37, 2, 3),
(119, 37, 3, 4),
(120, 37, 1, 1),
(120, 37, 2, 2),
(120, 37, 3, 3),
(121, 38, 1, 4),
(121, 38, 2, 1),
(121, 38, 3, 2),
(122, 38, 1, 3),
(122, 38, 2, 4),
(122, 38, 3, 1),
(123, 38, 1, 2),
(123, 38, 2, 3),
(123, 38, 3, 4),
(124, 38, 1, 1),
(124, 38, 2, 2),
(124, 38, 3, 3),
(125, 39, 1, 4),
(125, 39, 2, 1),
(125, 39, 3, 2),
(126, 39, 1, 3),
(126, 39, 2, 4),
(126, 39, 3, 1),
(127, 39, 1, 2),
(127, 39, 2, 3),
(127, 39, 3, 4),
(128, 39, 1, 1),
(128, 39, 2, 2),
(128, 39, 3, 3),
(129, 40, 1, 4),
(129, 40, 2, 1),
(129, 40, 3, 2),
(130, 40, 1, 3),
(130, 40, 2, 4),
(130, 40, 3, 1),
(131, 40, 1, 2),
(131, 40, 2, 3),
(131, 40, 3, 4),
(132, 40, 1, 3),
(132, 40, 2, 4),
(132, 40, 3, 1),
(133, 41, 1, 2),
(133, 41, 2, 3),
(133, 41, 3, 4),
(134, 41, 1, 1),
(134, 41, 2, 2),
(134, 41, 3, 3),
(135, 41, 1, 4),
(135, 41, 2, 1),
(135, 41, 3, 2),
(136, 41, 1, 3),
(136, 41, 2, 4),
(136, 41, 3, 1),
(137, 42, 1, 2),
(137, 42, 2, 3),
(137, 42, 3, 4),
(138, 42, 1, 1),
(138, 42, 2, 2),
(138, 42, 3, 3),
(139, 42, 1, 4),
(139, 42, 2, 1),
(139, 42, 3, 2),
(140, 42, 1, 3),
(140, 42, 2, 4),
(140, 42, 3, 1),
(141, 43, 1, 2),
(141, 43, 2, 3),
(141, 43, 3, 4),
(142, 43, 1, 1),
(142, 43, 2, 2),
(142, 43, 3, 3),
(143, 43, 1, 4),
(143, 43, 2, 1),
(143, 43, 3, 2),
(144, 43, 1, 3),
(144, 43, 2, 4),
(144, 43, 3, 1),
(145, 44, 1, 2),
(145, 44, 2, 3),
(145, 44, 3, 4),
(146, 44, 1, 1),
(146, 44, 2, 2),
(146, 44, 3, 3),
(147, 44, 1, 4),
(147, 44, 2, 1),
(147, 44, 3, 2),
(148, 44, 1, 3),
(148, 44, 2, 4),
(148, 44, 3, 1),
(149, 45, 1, 2),
(149, 45, 2, 3),
(149, 45, 3, 4),
(150, 45, 1, 1),
(150, 45, 2, 2),
(150, 45, 3, 3),
(151, 45, 1, 4),
(151, 45, 2, 1),
(151, 45, 3, 2),
(152, 45, 1, 3),
(152, 45, 2, 4),
(152, 45, 3, 1),
(153, 46, 1, 2),
(153, 46, 2, 3),
(153, 46, 3, 4),
(154, 46, 1, 1),
(154, 46, 2, 2),
(154, 46, 3, 3),
(155, 46, 1, 4),
(155, 46, 2, 1),
(155, 46, 3, 2),
(156, 46, 1, 3),
(156, 46, 2, 4),
(156, 46, 3, 1),
(157, 47, 1, 2),
(157, 47, 2, 3),
(157, 47, 3, 4),
(158, 47, 1, 1),
(158, 47, 2, 2),
(158, 47, 3, 3),
(159, 47, 1, 4),
(159, 47, 2, 1),
(159, 47, 3, 2),
(160, 47, 1, 3),
(160, 47, 2, 4),
(160, 47, 3, 1),
(161, 48, 1, 2),
(161, 48, 2, 3),
(161, 48, 3, 4),
(162, 48, 1, 1),
(162, 48, 2, 2),
(162, 48, 3, 3),
(163, 48, 1, 4),
(163, 48, 2, 1),
(163, 48, 3, 2),
(164, 48, 1, 3),
(164, 48, 2, 4),
(164, 48, 3, 1),
(165, 49, 1, 2),
(165, 49, 2, 3),
(165, 49, 3, 4),
(166, 49, 1, 1),
(166, 49, 2, 2),
(166, 49, 3, 3),
(167, 49, 1, 4),
(167, 49, 2, 1),
(167, 49, 3, 2),
(168, 49, 1, 3),
(168, 49, 2, 4),
(168, 49, 3, 1),
(169, 50, 1, 2),
(169, 50, 2, 3),
(169, 50, 3, 4),
(170, 50, 1, 1),
(170, 50, 2, 2),
(170, 50, 3, 3),
(171, 50, 1, 4),
(171, 50, 2, 1),
(171, 50, 3, 2),
(172, 50, 1, 3),
(172, 50, 2, 4),
(172, 50, 3, 1),
(173, 51, 1, 2),
(173, 51, 2, 3),
(173, 51, 3, 4),
(174, 51, 1, 1),
(174, 51, 2, 2),
(174, 51, 3, 3),
(175, 51, 1, 4),
(175, 51, 2, 1),
(175, 51, 3, 2),
(176, 51, 1, 3),
(176, 51, 2, 4),
(176, 51, 3, 1),
(177, 52, 1, 2),
(177, 52, 2, 3),
(177, 52, 3, 4),
(178, 52, 1, 1),
(178, 52, 2, 2),
(178, 52, 3, 3),
(179, 52, 1, 4),
(179, 52, 2, 1),
(179, 52, 3, 2),
(180, 52, 1, 3),
(180, 52, 2, 4),
(180, 52, 3, 1),
(181, 53, 1, 2),
(181, 53, 2, 3),
(181, 53, 3, 4),
(182, 53, 1, 1),
(182, 53, 2, 2),
(182, 53, 3, 3),
(183, 53, 1, 4),
(183, 53, 2, 1),
(183, 53, 3, 2),
(184, 53, 1, 3),
(184, 53, 2, 4),
(184, 53, 3, 1),
(185, 54, 1, 2),
(185, 54, 2, 3),
(185, 54, 3, 4),
(186, 54, 1, 1),
(186, 54, 2, 2),
(186, 54, 3, 3),
(187, 54, 1, 4),
(187, 54, 2, 1),
(187, 54, 3, 2),
(188, 54, 1, 3),
(188, 54, 2, 4),
(188, 54, 3, 1),
(189, 55, 1, 2),
(189, 55, 2, 3),
(189, 55, 3, 4),
(190, 55, 1, 1),
(190, 55, 2, 2),
(190, 55, 3, 3),
(191, 55, 1, 4),
(191, 55, 2, 1),
(191, 55, 3, 2),
(192, 55, 1, 3),
(192, 55, 2, 4),
(192, 55, 3, 1),
(193, 56, 1, 2),
(193, 56, 2, 3),
(193, 56, 3, 4),
(194, 56, 1, 1),
(194, 56, 2, 2),
(194, 56, 3, 3),
(195, 56, 1, 4),
(195, 56, 2, 1),
(195, 56, 3, 2),
(196, 56, 1, 3),
(196, 56, 2, 4),
(196, 56, 3, 1),
(197, 57, 1, 2),
(197, 57, 2, 3),
(197, 57, 3, 4),
(198, 57, 1, 1),
(198, 57, 2, 2),
(198, 57, 3, 3),
(199, 57, 1, 4),
(199, 57, 2, 1),
(199, 57, 3, 2),
(200, 57, 1, 3),
(200, 57, 2, 4),
(200, 57, 3, 1),
(201, 58, 1, 2),
(201, 58, 2, 3),
(201, 58, 3, 4),
(202, 58, 1, 1),
(202, 58, 2, 2),
(202, 58, 3, 3),
(203, 58, 1, 4),
(203, 58, 2, 1),
(203, 58, 3, 2),
(204, 58, 1, 3),
(204, 58, 2, 4),
(204, 58, 3, 1),
(205, 59, 1, 2),
(205, 59, 2, 3),
(205, 59, 3, 4),
(206, 59, 1, 1),
(206, 59, 2, 2),
(206, 59, 3, 3),
(207, 59, 1, 4),
(207, 59, 2, 1),
(207, 59, 3, 2),
(208, 59, 1, 3),
(208, 59, 2, 4),
(208, 59, 3, 1),
(209, 60, 1, 2),
(209, 60, 2, 3),
(209, 60, 3, 4),
(210, 60, 1, 1),
(210, 60, 2, 2),
(210, 60, 3, 3),
(211, 60, 1, 4),
(211, 60, 2, 1),
(211, 60, 3, 2),
(212, 60, 1, 3),
(212, 60, 2, 4),
(212, 60, 3, 1),
(213, 61, 1, 2),
(213, 61, 2, 3),
(213, 61, 3, 4),
(214, 61, 1, 1),
(214, 61, 2, 2),
(214, 61, 3, 3),
(215, 61, 1, 4),
(215, 61, 2, 1),
(215, 61, 3, 2),
(216, 61, 1, 3),
(216, 61, 2, 4),
(216, 61, 3, 1),
(217, 62, 1, 2),
(217, 62, 2, 3),
(217, 62, 3, 4),
(218, 62, 1, 1),
(218, 62, 2, 2),
(218, 62, 3, 3),
(219, 62, 1, 4),
(219, 62, 2, 1),
(219, 62, 3, 2),
(220, 62, 1, 3),
(220, 62, 2, 4),
(220, 62, 3, 1),
(221, 63, 1, 2),
(221, 63, 2, 3),
(221, 63, 3, 4),
(222, 63, 1, 1),
(222, 63, 2, 2),
(222, 63, 3, 3),
(223, 63, 1, 4),
(223, 63, 2, 1),
(223, 63, 3, 2),
(224, 63, 1, 3),
(224, 63, 2, 4),
(224, 63, 3, 1),
(225, 64, 1, 2),
(225, 64, 2, 3),
(225, 64, 3, 4),
(226, 64, 1, 1),
(226, 64, 2, 2),
(226, 64, 3, 3),
(227, 64, 1, 4),
(227, 64, 2, 1),
(227, 64, 3, 2),
(228, 64, 1, 3),
(228, 64, 2, 4),
(228, 64, 3, 1),
(229, 65, 1, 2),
(229, 65, 2, 3),
(229, 65, 3, 4),
(230, 65, 1, 1),
(230, 65, 2, 2),
(230, 65, 3, 3),
(231, 65, 1, 4),
(231, 65, 2, 1),
(231, 65, 3, 2),
(232, 65, 1, 3),
(232, 65, 2, 4),
(232, 65, 3, 1),
(233, 66, 1, 2),
(233, 66, 2, 3),
(233, 66, 3, 4),
(234, 66, 1, 1),
(234, 66, 2, 2),
(234, 66, 3, 3),
(235, 66, 1, 4),
(235, 66, 2, 1),
(235, 66, 3, 2),
(236, 66, 1, 3),
(236, 66, 2, 4),
(236, 66, 3, 1),
(237, 67, 1, 2),
(237, 67, 2, 3),
(237, 67, 3, 4),
(238, 67, 1, 1),
(238, 67, 2, 2),
(238, 67, 3, 3),
(239, 67, 1, 4),
(239, 67, 2, 1),
(239, 67, 3, 2),
(240, 67, 1, 3),
(240, 67, 2, 4),
(240, 67, 3, 1),
(241, 68, 1, 2),
(241, 68, 2, 3),
(241, 68, 3, 4),
(242, 68, 1, 1),
(242, 68, 2, 2),
(242, 68, 3, 3),
(243, 68, 1, 4),
(243, 68, 2, 1),
(243, 68, 3, 2),
(244, 68, 1, 3),
(244, 68, 2, 4),
(244, 68, 3, 1),
(245, 69, 1, 2),
(245, 69, 2, 3),
(245, 69, 3, 4),
(246, 69, 1, 1),
(246, 69, 2, 2),
(246, 69, 3, 3),
(247, 69, 1, 4),
(247, 69, 2, 1),
(247, 69, 3, 2),
(248, 69, 1, 3),
(248, 69, 2, 4),
(248, 69, 3, 1),
(249, 70, 1, 2),
(249, 70, 2, 3),
(249, 70, 3, 4),
(250, 70, 1, 1),
(250, 70, 2, 2),
(250, 70, 3, 3),
(251, 70, 1, 4),
(251, 70, 2, 1),
(251, 70, 3, 2),
(252, 70, 1, 3),
(252, 70, 2, 4),
(252, 70, 3, 1),
(253, 71, 1, 2),
(253, 71, 2, 3),
(253, 71, 3, 4),
(254, 71, 1, 1),
(254, 71, 2, 2),
(254, 71, 3, 3),
(255, 71, 1, 4),
(255, 71, 2, 1),
(255, 71, 3, 2),
(256, 71, 1, 3),
(256, 71, 2, 4),
(256, 71, 3, 1),
(257, 72, 1, 2),
(257, 72, 2, 3),
(257, 72, 3, 4),
(258, 72, 1, 1),
(258, 72, 2, 2),
(258, 72, 3, 3),
(259, 72, 1, 4),
(259, 72, 2, 1),
(259, 72, 3, 2),
(260, 72, 1, 3),
(260, 72, 2, 4),
(260, 72, 3, 1),
(261, 73, 1, 4),
(261, 73, 2, 1),
(261, 73, 3, 2),
(262, 73, 1, 3),
(262, 73, 2, 4),
(262, 73, 3, 1),
(263, 73, 1, 2),
(263, 73, 2, 3),
(263, 73, 3, 4),
(264, 73, 1, 1),
(264, 73, 2, 2),
(264, 73, 3, 3),
(265, 74, 1, 4),
(265, 74, 2, 1),
(265, 74, 3, 2),
(266, 74, 1, 3),
(266, 74, 2, 4),
(266, 74, 3, 1),
(267, 74, 1, 2),
(267, 74, 2, 3),
(267, 74, 3, 4),
(268, 74, 1, 1),
(268, 74, 2, 2),
(268, 74, 3, 3),
(269, 75, 1, 4),
(269, 75, 2, 1),
(269, 75, 3, 2),
(270, 75, 1, 3),
(270, 75, 2, 4),
(270, 75, 3, 1),
(271, 75, 1, 2),
(271, 75, 2, 3),
(271, 75, 3, 4),
(272, 75, 1, 1),
(272, 75, 2, 2),
(272, 75, 3, 3),
(273, 76, 1, 4),
(273, 76, 2, 1),
(273, 76, 3, 2),
(274, 76, 1, 3),
(274, 76, 2, 4),
(274, 76, 3, 1),
(275, 76, 1, 2),
(275, 76, 2, 3),
(275, 76, 3, 4),
(276, 76, 1, 1),
(276, 76, 2, 2),
(276, 76, 3, 3),
(277, 77, 1, 4),
(277, 77, 2, 1),
(277, 77, 3, 2),
(278, 77, 1, 3),
(278, 77, 2, 4),
(278, 77, 3, 1),
(279, 77, 1, 2),
(279, 77, 2, 3),
(279, 77, 3, 4),
(280, 77, 1, 1),
(280, 77, 2, 2),
(280, 77, 3, 3),
(281, 78, 1, 4),
(281, 78, 2, 1),
(281, 78, 3, 2),
(282, 78, 1, 3),
(282, 78, 2, 4),
(282, 78, 3, 1),
(283, 78, 1, 2),
(283, 78, 2, 3),
(283, 78, 3, 4),
(284, 78, 1, 1),
(284, 78, 2, 2),
(284, 78, 3, 3),
(285, 79, 1, 4),
(285, 79, 2, 1),
(285, 79, 3, 2),
(286, 79, 1, 3),
(286, 79, 2, 4),
(286, 79, 3, 1),
(287, 79, 1, 4),
(287, 79, 2, 1),
(287, 79, 3, 2),
(288, 79, 1, 3),
(288, 79, 2, 4),
(288, 79, 3, 1),
(289, 80, 1, 2),
(289, 80, 2, 3),
(289, 80, 3, 4),
(290, 80, 1, 1),
(290, 80, 2, 2),
(290, 80, 3, 3),
(291, 80, 1, 4),
(291, 80, 2, 1),
(291, 80, 3, 2),
(292, 80, 1, 3),
(292, 80, 2, 4),
(292, 80, 3, 1),
(293, 81, 1, 2),
(293, 81, 2, 3),
(293, 81, 3, 4),
(294, 81, 1, 1),
(294, 81, 2, 2),
(294, 81, 3, 3),
(295, 81, 1, 4),
(295, 81, 2, 1),
(295, 81, 3, 2),
(296, 81, 1, 3),
(296, 81, 2, 4),
(296, 81, 3, 1),
(297, 82, 1, 2),
(297, 82, 2, 3),
(297, 82, 3, 4),
(298, 82, 1, 1),
(298, 82, 2, 2),
(298, 82, 3, 3),
(299, 82, 1, 4),
(299, 82, 2, 1),
(299, 82, 3, 2),
(300, 82, 1, 3),
(300, 82, 2, 1),
(300, 82, 3, 1),
(301, 83, 1, 3),
(301, 83, 2, 4),
(301, 83, 3, 1),
(302, 83, 1, 2),
(302, 83, 2, 3),
(302, 83, 3, 4),
(303, 83, 1, 1),
(303, 83, 2, 2),
(303, 83, 3, 3),
(304, 83, 1, 4),
(304, 83, 2, 1),
(304, 83, 3, 2),
(305, 84, 1, 3),
(305, 84, 2, 4),
(305, 84, 3, 1),
(306, 84, 1, 2),
(306, 84, 2, 3),
(306, 84, 3, 4),
(307, 84, 1, 1),
(307, 84, 2, 2),
(307, 84, 3, 3),
(308, 84, 1, 4),
(308, 84, 2, 1),
(308, 84, 3, 2),
(309, 85, 1, 3),
(309, 85, 2, 4),
(309, 85, 3, 1),
(310, 85, 1, 2),
(310, 85, 2, 3),
(310, 85, 3, 4),
(311, 85, 1, 1),
(311, 85, 2, 2),
(311, 85, 3, 3),
(312, 85, 1, 4),
(312, 85, 2, 1),
(312, 85, 3, 2),
(313, 86, 1, 3),
(313, 86, 2, 4),
(313, 86, 3, 1),
(314, 86, 1, 2),
(314, 86, 2, 3),
(314, 86, 3, 4),
(315, 86, 1, 1),
(315, 86, 2, 2),
(315, 86, 3, 3),
(316, 86, 1, 4),
(316, 86, 2, 1),
(316, 86, 3, 2),
(317, 87, 1, 3),
(317, 87, 2, 4),
(317, 87, 3, 1),
(318, 87, 1, 2),
(318, 87, 2, 3),
(318, 87, 3, 4),
(319, 87, 1, 1),
(319, 87, 2, 2),
(319, 87, 3, 3),
(320, 87, 1, 4),
(320, 87, 2, 1),
(320, 87, 3, 2),
(321, 88, 1, 3),
(321, 88, 2, 4),
(321, 88, 3, 1),
(322, 88, 1, 2),
(322, 88, 2, 3),
(322, 88, 3, 4),
(323, 88, 1, 1),
(323, 88, 2, 2),
(323, 88, 3, 3),
(324, 88, 1, 4),
(324, 88, 2, 1),
(324, 88, 3, 2),
(325, 89, 1, 3),
(325, 89, 2, 4),
(325, 89, 3, 1),
(326, 89, 1, 2),
(326, 89, 2, 3),
(326, 89, 3, 4),
(327, 89, 1, 1),
(327, 89, 2, 2),
(327, 89, 3, 3),
(328, 89, 1, 4),
(328, 89, 2, 1),
(328, 89, 3, 2),
(329, 90, 1, 3),
(329, 90, 2, 4),
(329, 90, 3, 1),
(330, 90, 1, 2),
(330, 90, 2, 3),
(330, 90, 3, 4),
(331, 90, 1, 1),
(331, 90, 2, 2),
(331, 90, 3, 3),
(332, 90, 1, 4),
(332, 90, 2, 1),
(332, 90, 3, 2),
(333, 91, 1, 3),
(333, 91, 2, 4),
(333, 91, 3, 1),
(334, 91, 1, 2),
(334, 91, 2, 3),
(334, 91, 3, 4),
(335, 91, 1, 1),
(335, 91, 2, 2),
(335, 91, 3, 3),
(336, 91, 1, 4),
(336, 91, 2, 1),
(336, 91, 3, 2),
(337, 92, 1, 3),
(337, 92, 2, 4),
(337, 92, 3, 1),
(338, 92, 1, 2),
(338, 92, 2, 3),
(338, 92, 3, 4),
(339, 92, 1, 1),
(339, 92, 2, 2),
(339, 92, 3, 3),
(340, 92, 1, 4),
(340, 92, 2, 1),
(340, 92, 3, 2),
(341, 93, 1, 3),
(341, 93, 2, 4),
(341, 93, 3, 1),
(342, 93, 1, 2),
(342, 93, 2, 3),
(342, 93, 3, 4),
(343, 93, 1, 1),
(343, 93, 2, 2),
(343, 93, 3, 3),
(344, 93, 1, 4),
(344, 93, 2, 1),
(344, 93, 3, 2),
(345, 94, 1, 3),
(345, 94, 2, 4),
(345, 94, 3, 1),
(346, 94, 1, 2),
(346, 94, 2, 3),
(346, 94, 3, 4),
(347, 94, 1, 1),
(347, 94, 2, 2),
(347, 94, 3, 3),
(348, 94, 1, 4),
(348, 94, 2, 1),
(348, 94, 3, 2),
(349, 95, 1, 3),
(349, 95, 2, 4),
(349, 95, 3, 1),
(350, 95, 1, 2),
(350, 95, 2, 3),
(350, 95, 3, 4),
(351, 95, 1, 1),
(351, 95, 2, 2),
(351, 95, 3, 3),
(352, 95, 1, 4),
(352, 95, 2, 1),
(352, 95, 3, 2),
(353, 96, 1, 3),
(353, 96, 2, 4),
(353, 96, 3, 1),
(354, 96, 1, 2),
(354, 96, 2, 3),
(354, 96, 3, 4),
(355, 96, 1, 1),
(355, 96, 2, 2),
(355, 96, 3, 3),
(356, 96, 1, 4),
(356, 96, 2, 1),
(356, 96, 3, 2),
(357, 97, 1, 3),
(357, 97, 2, 4),
(357, 97, 3, 1),
(358, 97, 1, 2),
(358, 97, 2, 3),
(358, 97, 3, 4),
(359, 97, 1, 1),
(359, 97, 2, 2),
(359, 97, 3, 3),
(360, 97, 1, 4),
(360, 97, 2, 1),
(360, 97, 3, 2),
(361, 98, 1, 3),
(361, 98, 2, 4),
(361, 98, 3, 1),
(362, 98, 1, 2),
(362, 98, 2, 3),
(362, 98, 3, 4),
(363, 98, 1, 1),
(363, 98, 2, 2),
(363, 98, 3, 3),
(364, 98, 1, 4),
(364, 98, 2, 1),
(364, 98, 3, 2),
(365, 99, 1, 3),
(365, 99, 2, 4),
(365, 99, 3, 1),
(366, 99, 1, 2),
(366, 99, 2, 3),
(366, 99, 3, 4),
(367, 99, 1, 1),
(367, 99, 2, 2),
(367, 99, 3, 3),
(368, 99, 1, 4),
(368, 99, 2, 1),
(368, 99, 3, 2),
(369, 100, 1, 3),
(369, 100, 2, 4),
(369, 100, 3, 1),
(370, 100, 1, 1),
(370, 100, 2, 2),
(370, 100, 3, 3),
(371, 100, 1, 2),
(371, 100, 2, 3),
(371, 100, 3, 4),
(372, 100, 1, 3),
(372, 100, 2, 4),
(372, 100, 3, 1),
(373, 1, 1, 1),
(373, 1, 2, 2),
(373, 1, 3, 3),
(377, 1, 1, 2),
(377, 1, 2, 3),
(377, 1, 3, 4),
(381, 1, 1, 3),
(381, 1, 2, 4),
(381, 1, 3, 1),
(385, 1, 1, 4),
(385, 1, 2, 1),
(385, 1, 3, 2),
(389, 2, 1, 1),
(389, 2, 2, 2),
(389, 2, 3, 3),
(393, 2, 1, 2),
(393, 2, 2, 3),
(393, 2, 3, 4),
(397, 2, 1, 3),
(397, 2, 2, 4),
(397, 2, 3, 1),
(401, 2, 1, 4),
(401, 2, 2, 1),
(401, 2, 3, 2),
(405, 3, 1, 1),
(405, 3, 2, 2),
(405, 3, 3, 3),
(409, 3, 1, 2),
(409, 3, 2, 3),
(409, 3, 3, 4),
(413, 3, 1, 3),
(413, 3, 2, 4),
(413, 3, 3, 1),
(417, 3, 1, 4),
(417, 3, 2, 1),
(417, 3, 3, 2),
(421, 4, 1, 1),
(421, 4, 2, 2),
(421, 4, 3, 3),
(425, 4, 1, 2),
(425, 4, 2, 3),
(425, 4, 3, 4),
(429, 4, 1, 3),
(429, 4, 2, 4),
(429, 4, 3, 1),
(433, 4, 1, 4),
(433, 4, 2, 1),
(433, 4, 3, 2),
(437, 5, 1, 1),
(437, 5, 2, 2),
(437, 5, 3, 3),
(441, 5, 1, 2),
(441, 5, 2, 3),
(441, 5, 3, 4),
(445, 5, 1, 3),
(445, 5, 2, 4),
(445, 5, 3, 1),
(449, 5, 1, 4),
(449, 5, 2, 1),
(449, 5, 3, 2),
(453, 6, 1, 1),
(453, 6, 2, 2),
(453, 6, 3, 3),
(457, 6, 1, 2),
(457, 6, 2, 3),
(457, 6, 3, 4),
(461, 6, 1, 3),
(461, 6, 2, 4),
(461, 6, 3, 1),
(465, 6, 1, 4),
(465, 6, 2, 1),
(465, 6, 3, 2),
(469, 7, 1, 1),
(469, 7, 2, 2),
(469, 7, 3, 3),
(473, 7, 1, 2),
(473, 7, 2, 3),
(473, 7, 3, 4),
(477, 7, 1, 3),
(477, 7, 2, 4),
(477, 7, 3, 1),
(481, 7, 1, 4),
(481, 7, 2, 1),
(481, 7, 3, 2),
(485, 8, 1, 1),
(485, 8, 2, 2),
(485, 8, 3, 3),
(489, 8, 1, 2),
(489, 8, 2, 3),
(489, 8, 3, 4),
(493, 8, 1, 3),
(493, 8, 2, 4),
(493, 8, 3, 1),
(498, 4, 2, 4),
(498, 4, 3, 2),
(499, 19, 1, 2),
(499, 19, 2, 3),
(499, 19, 3, 2),
(500, 19, 1, 3),
(500, 19, 2, 2),
(500, 19, 3, 2),
(501, 19, 1, 2),
(501, 19, 2, 1),
(501, 19, 3, 1),
(502, 100, 1, 3),
(502, 100, 2, 2),
(503, 16, 1, 3),
(503, 16, 2, 1),
(503, 16, 3, 4),
(504, 99, 1, 3),
(504, 99, 2, 3),
(505, 12, 1, 4),
(505, 12, 2, 2),
(505, 12, 3, 1),
(506, 76, 1, 1),
(506, 76, 2, 3),
(506, 76, 3, 2);

-- --------------------------------------------------------

--
-- Struttura della tabella `UTENTE`
--

CREATE TABLE `UTENTE` (
  `NOME_UTENTE` varchar(65) CHARACTER SET utf8mb4 COLLATE utf8mb4_0900_ai_ci NOT NULL,
  `NOME` varchar(65) CHARACTER SET utf8mb4 COLLATE utf8mb4_0900_ai_ci NOT NULL,
  `COGNOME` varchar(65) CHARACTER SET utf8mb4 COLLATE utf8mb4_0900_ai_ci NOT NULL,
  `EMAIL` varchar(100) NOT NULL
) ENGINE=MyISAM DEFAULT CHARSET=utf8mb4 COLLATE=utf8mb4_0900_ai_ci;

--
-- Dump dei dati per la tabella `UTENTE`
--

INSERT INTO `UTENTE` (`NOME_UTENTE`, `NOME`, `COGNOME`, `EMAIL`) VALUES
('giorgio123', 'Giorgio', 'Rossi', 'giorgio.rossi@mail.it'),
('mario_giallo', 'Mario', 'Verdi', 'mario.verdi@gmail.com'),
('francesca_blu', 'Francesca', 'Bianchi', 'francesca.bianchi@outlook.com'),
('lucia87', 'Lucia', 'Russo', 'lucia.russo@yahoo.com'),
('john_smith', 'John', 'Smith', 'john.smith@aol.com'),
('emma_green', 'Emma', 'Green', 'emma.green@live.com'),
('david_brown', 'David', 'Brown', 'david.brown@icloud.com'),
('sophia_williams', 'Sophia', 'Williams', 'sophia.williams@protonmail.com'),
('antonio123', 'Antonio', 'Ferrari', 'antonio.ferrari@tiscali.it'),
('laura_89', 'Laura', 'Ricci', 'laura.ricci@libero.it'),
('alex_94', 'Alex', 'Gallo', 'alex.gallo@virgilio.it'),
('martina99', 'Martina', 'Conti', 'martina.conti@fastweb.it'),
('samuel00', 'Samuel', 'Marino', 'samuel.marino@tin.it'),
('alice1985', 'Alice', 'Fabbri', 'alice.fabbri@alice.it'),
('luca88', 'Luca', 'Vitali', 'luca.vitali@vodafone.it'),
('valeria_pink', 'Valeria', 'Moretti', 'valeria.moretti@wind.it'),
('marco75', 'Marco', 'Serra', 'marco.serra@tim.it'),
('elena83', 'Elena', 'Barbieri', 'elena.barbieri@poste.it'),
('andrea_red', 'Andrea', 'Rossetti', 'andrea.rossetti@gmx.com'),
('giovanni99', 'Giovanni', 'Pellegrini', 'giovanni.pellegrini@protonmail.com'),
('paola76', 'Paola', 'Lombardi', 'paola.lombardi@yandex.com'),
('giulia_92', 'Giulia', 'Riva', 'giulia.riva@mail.com'),
('simone93', 'Simone', 'Grasso', 'simone.grasso@yahoo.com'),
('federico88', 'Federico', 'Colombo', 'federico.colombo@outlook.com'),
('ilaria87', 'Ilaria', 'Fontana', 'ilaria.fontana@gmail.com'),
('carlo_85', 'Carlo', 'Mancini', 'carlo.mancini@hotmail.com'),
('chiara89', 'Chiara', 'Rosso', 'chiara.rosso@icloud.com'),
('marina87', 'Marina', 'Costa', 'marina.costa@live.com'),
('andrea99', 'Andrea', 'Galli', 'andrea.galli@aol.com'),
('veronica88', 'Veronica', 'Ferri', 'veronica.ferri@fastmail.com'),
('luigi_90', 'Luigi', 'Palmieri', 'luigi.palmieri@zoho.com'),
('elisa_91', 'Elisa', 'Bianco', 'elisa.bianco@libero.it'),
('davide92', 'Davide', 'Gatti', 'davide.gatti@virgilio.it'),
('claudia00', 'Claudia', 'Morelli', 'claudia.morelli@tin.it'),
('riccardo84', 'Riccardo', 'Ferrara', 'riccardo.ferrara@alice.it'),
('sara_93', 'Sara', 'Poli', 'sara.poli@vodafone.it'),
('francesco77', 'Francesco', 'Rizzo', 'francesco.rizzo@tiscali.it'),
('cristina88', 'Cristina', 'De Luca', 'cristina.deluca@fastweb.it'),
('alessandro_86', 'Alessandro', 'Marchetti', 'alessandro.marchetti@libero.it'),
('valentina_87', 'Valentina', 'Villa', 'valentina.villa@wind.it'),
('marika92', 'Marika', 'Barone', 'marika.barone@poste.it'),
('giacomo88', 'Giacomo', 'Leone', 'giacomo.leone@gmx.com'),
('ilaria_91', 'Ilaria', 'Piazza', 'ilaria.piazza@protonmail.com'),
('fabio78', 'Fabio', 'Mariani', 'fabio.mariani@yandex.com'),
('linda_90', 'Linda', 'Gallo', 'linda.gallo@mail.com'),
('lorenzo89', 'Lorenzo', 'Monti', 'lorenzo.monti@yahoo.com'),
('silvia87', 'Silvia', 'Moretti', 'silvia.moretti@outlook.com'),
('luca_92', 'Luca', 'Gatti', 'luca.gatti@hotmail.com'),
('anna85', 'Anna', 'Dominguez', 'anna.dominguez@icloud.com'),
('andrea_92', 'Andrea', 'Vitale', 'andrea.vitale@live.com'),
('giorgia88', 'Giorgia', 'Pellegrini', 'giorgia.pellegrini@aol.com'),
('luigi_87', 'Luigi', 'Colombo', 'luigi.colombo@fastmail.com'),
('valeria93', 'Valeria', 'Gallo', 'valeria.gallo@zoho.com'),
('massimo86', 'Massimo', 'De Santis', 'massimo.desantis@libero.it'),
('eleonora89', 'Eleonora', 'Ferri', 'eleonora.ferri@virgilio.it'),
('alessia_88', 'Alessia', 'Conte', 'alessia.conte@tin.it'),
('roberto91', 'Roberto', 'Ferrari', 'roberto.ferrari@alice.it'),
('stefania_93', 'Stefania', 'Costa', 'stefania.costa@vodafone.it'),
('giacomo_90', 'Giacomo', 'Marino', 'giacomo.marino@tiscali.it'),
('sara91', 'Sara', 'Ricci', 'sara.ricci@fastweb.it'),
('paolo88', 'Paolo', 'Moretti', 'paolo.moretti@wind.it'),
('elena_87', 'Elena', 'Gatti', 'elena.gatti@poste.it'),
('michele88', 'Michele', 'Piazza', 'michele.piazza@gmx.com'),
('francesca_90', 'Francesca', 'Mariani', 'francesca.mariani@protonmail.com'),
('marco91', 'Marco', 'Gallo', 'marco.gallo@yandex.com'),
('angela_94', 'Angela', 'Ferrara', 'angela.ferrara@mail.com'),
('antonio_89', 'Antonio', 'Vitale', 'antonio.vitale@yahoo.com'),
('anna90', 'Anna', 'De Luca', 'anna.deluca@outlook.com'),
('andrea_88', 'Andrea', 'Moretti', 'andrea.moretti@hotmail.com'),
('sara_90', 'Sara', 'Monti', 'sara.monti@icloud.com'),
('giulia88', 'Giulia', 'Marchetti', 'giulia.marchetti@live.com'),
('luca_88', 'Luca', 'Sanna', 'luca.sanna@aol.com'),
('giorgia_89', 'Giorgia', 'Rossi', 'giorgia.rossi@fastmail.com'),
('alessandro_90', 'Alessandro', 'Dominguez', 'alessandro.dominguez@zoho.com'),
('elena90', 'Elena', 'Pellegrini', 'elena.pellegrini@libero.it'),
('francesco_87', 'Francesco', 'Conti', 'francesco.conti@virgilio.it'),
('valentina91', 'Valentina', 'Ferrari', 'valentina.ferrari@tin.it'),
('andrea91', 'Andrea', 'Serra', 'andrea.serra@alice.it'),
('laura91', 'Laura', 'Mariani', 'laura.mariani@vodafone.it'),
('marta_88', 'Marta', 'Dominguez', 'marta.dominguez@tiscali.it'),
('serena90', 'Serena', 'Vitale', 'serena.vitale@fastweb.it'),
('marco_123', 'Marco', 'Bianchi', 'marco.bianchi@mail.it'),
('anna_89', 'Anna', 'Rossi', 'anna.rossi@gmail.com'),
('luca_94', 'Luca', 'Verdi', 'luca.verdi@outlook.com'),
('giorgio_mago', 'Giorgio', 'Bianchi', 'giorgio.bianchi@mail.it'),
('anna_stella', 'Anna', 'Rossi', 'anna.rossi@gmail.com'),
('luca_nuvola', 'Luca', 'Verdi', 'luca.verdi@outlook.com'),
('elena_aurora', 'Elena', 'Gallo', 'elena.gallo@yahoo.com'),
('giuseppe_magico', 'Giuseppe', 'Ferrari', 'giuseppe.ferrari@aol.com'),
('sara_luna', 'Sara', 'Marino', 'sara.marino@live.com'),
('giovanni_arcano', 'Giovanni', 'Fabbri', 'giovanni.fabbri@icloud.com'),
('marta_mistica', 'Marta', 'Vitali', 'marta.vitali@protonmail.com'),
('simona_incanto', 'Simona', 'Moretti', 'simona.moretti@tiscali.it'),
('luigi_fantasia', 'Luigi', 'Serra', 'luigi.serra@libero.it'),
('federica_fiaba', 'Federica', 'Barbieri', 'federica.barbieri@virgilio.it'),
('andrea_enigma', 'Andrea', 'Rossetti', 'andrea.rossetti@gmx.com'),
('valentina_favola', 'Valentina', 'Pellegrini', 'valentina.pellegrini@fastweb.it'),
('roberto_mistero', 'Roberto', 'Lombardi', 'roberto.lombardi@alice.it'),
('alessia_mistica', 'Alessia', 'Galli', 'alessia.galli@poste.it'),
('paolo_incantato', 'Paolo', 'Fontana', 'paolo.fontana@gmx.com'),
('camilla_favolosa', 'Camilla', 'Riva', 'camilla.riva@protonmail.com'),
('marco_fantastico', 'Marco', 'Leone', 'marco.leone@yandex.com'),
('elena_fata', 'Elena', 'Bianco', 'elena.bianco@mail.com'),
('andrea_miraggio', 'Andrea', 'Gatti', 'andrea.gatti@yahoo.com'),
('giovanna_visione', 'Giovanna', 'De Luca', 'giovanna.deluca@hotmail.com'),
('davide_incantato', 'Davide', 'Costa', 'davide.costa@icloud.com'),
('silvia_misteriosa', 'Silvia', 'Marini', 'silvia.marini@live.com'),
('lorenzo_favoloso', 'Lorenzo', 'Ferrara', 'lorenzo.ferrara@aol.com'),
('sara_incantata', 'Sara', 'Russo', 'sara.russo@outlook.com'),
('maria_miracolo', 'Maria', 'Monti', 'maria.monti@icloud.com'),
('andrea_fantasma', 'Andrea', 'Ferri', 'andrea.ferri@yahoo.com'),
('francesca_fiabesca', 'Francesca', 'De Santis', 'francesca.desantis@libero.it'),
('luca_sogno', 'Luca', 'Marchetti', 'luca.marchetti@live.com'),
('elisa_misteriosa', 'Elisa', 'Ferretti', 'elisa.ferretti@outlook.com'),
('antonio_favola', 'Antonio', 'Bruno', 'antonio.bruno@tin.it'),
('valentina_fiaba', 'Valentina', 'Caputo', 'valentina.caputo@protonmail.com'),
('marco_misterioso', 'Marco', 'Marini', 'marco.marini@virgilio.it'),
('giulia_fiabe', 'Giulia', 'Caruso', 'giulia.caruso@tiscali.it'),
('alessandro_fantasma', 'Alessandro', 'Martini', 'alessandro.martini@gmail.com'),
('marta_fiaba', 'Marta', 'Greco', 'marta.greco@fastweb.it'),
('stefano_magico', 'Stefano', 'Messina', 'stefano.messina@libero.it'),
('anna_sogno', 'Anna', 'Serra', 'anna.serra@vodafone.it'),
('francesco_mistero', 'Francesco', 'Lombardo', 'francesco.lombardo@hotmail.com'),
('chiara_miraggio', 'Chiara', 'Martino', 'chiara.martino@icloud.com'),
('roberto_misterioso', 'Roberto', 'Barone', 'roberto.barone@live.com'),
('federica_incantata', 'Federica', 'Conti', 'federica.conti@yandex.com'),
('andrea_mistico', 'Andrea', 'Palmieri', 'andrea.palmieri@outlook.com'),
('valentina_fiabesca', 'Valentina', 'Mancini', 'valentina.mancini@yahoo.com'),
('luigi_favoloso', 'Luigi', 'Morelli', 'luigi.morelli@gmail.com'),
('sara_sogno', 'Sara', 'Coppola', 'sara.coppola@protonmail.com'),
('marco_favola', 'Marco', 'Bianchi', 'marco.bianchi@aol.com'),
('elena_incantata', 'Elena', 'Pellegrino', 'elena.pellegrino@live.com'),
('giacomo_mago', 'Giacomo', 'De Angelis', 'giacomo.deangelis@outlook.com'),
('alessia_misteriosa', 'Alessia', 'Grasso', 'alessia.grasso@mail.com'),
('michele_mistico', 'Michele', 'Santoro', 'michele.santoro@icloud.com'),
('silvia_fiabesca', 'Silvia', 'Bruni', 'silvia.bruni@virgilio.it'),
('lorenzo_favola', 'Lorenzo', 'Marino', 'lorenzo.marino@tin.it'),
('sara_misteriosa', 'Sara', 'Rossi', 'sara.rossi@hotmail.com'),
('alessandro_misterioso', 'Alessandro', 'Cattaneo', 'alessandro.cattaneo@live.com'),
('marta_misteriosa', 'Marta', 'Cavallaro', 'marta.cavallaro@outlook.com'),
('sara_stellare', 'Sara', 'Mancini', 'sara.mancini@yahoo.com'),
('luca_nuvoloso', 'Luca', 'Barbieri', 'luca.barbieri@hotmail.com'),
('elena_incantatrice', 'Elena', 'Testa', 'elena.testa@gmail.com'),
('alessia_incantata', 'Alessia', 'Palumbo', 'alessia.palumbo@libero.it'),
('utenteMain', 'Benedetta', 'Emilio', 'ciaoatutti@studenti.unibg.it');

--
-- Indici per le tabelle scaricate
--

--
-- Indici per le tabelle `DOMANDA`
--
ALTER TABLE `DOMANDA`
  ADD PRIMARY KEY (`QUIZ`,`NUMERO`);

--
-- Indici per le tabelle `PARTECIPAZIONE`
--
ALTER TABLE `PARTECIPAZIONE`
  ADD PRIMARY KEY (`CODICE`);

--
-- Indici per le tabelle `QUIZ`
--
ALTER TABLE `QUIZ`
  ADD PRIMARY KEY (`CODICE`);

--
-- Indici per le tabelle `RISPOSTA`
--
ALTER TABLE `RISPOSTA`
  ADD PRIMARY KEY (`QUIZ`,`DOMANDA`,`NUMERO`);

--
-- Indici per le tabelle `RISPOSTA_UTENTE_QUIZ`
--
ALTER TABLE `RISPOSTA_UTENTE_QUIZ`
  ADD PRIMARY KEY (`PARTECIPAZIONE`,`QUIZ`,`DOMANDA`,`RISPOSTA`);

--
-- Indici per le tabelle `UTENTE`
--
ALTER TABLE `UTENTE`
  ADD PRIMARY KEY (`NOME_UTENTE`);

--
-- AUTO_INCREMENT per le tabelle scaricate
--

--
-- AUTO_INCREMENT per la tabella `PARTECIPAZIONE`
--
ALTER TABLE `PARTECIPAZIONE`
  MODIFY `CODICE` int NOT NULL AUTO_INCREMENT, AUTO_INCREMENT=507;

--
-- AUTO_INCREMENT per la tabella `QUIZ`
--
ALTER TABLE `QUIZ`
  MODIFY `CODICE` int NOT NULL AUTO_INCREMENT, AUTO_INCREMENT=102;

--
-- AUTO_INCREMENT per la tabella `RISPOSTA`
--
ALTER TABLE `RISPOSTA`
  MODIFY `NUMERO` int NOT NULL AUTO_INCREMENT;
COMMIT;

/*!40101 SET CHARACTER_SET_CLIENT=@OLD_CHARACTER_SET_CLIENT */;
/*!40101 SET CHARACTER_SET_RESULTS=@OLD_CHARACTER_SET_RESULTS */;
/*!40101 SET COLLATION_CONNECTION=@OLD_COLLATION_CONNECTION */;
